origin_manifest,origin_row,record_id,identity_key,title,institution,source_url,accessed_at,document_date,document_type,local_path,sha256,version_or_validity,purpose,status,notes,conflict_group,conflict_fields,conflict_status,original_metadata_json
fontes/catalogo.csv,2,2011-res34,curriculos/2011/fontes/resolucao-34-2010-cepe.pdf,,UFPR,https://www.inf.ufpr.br/infobiomedica/Arquivos/CEPE_Resolucao_34_2010.pdf,2026-09-04,,resolution,curriculos/2011/fontes/resolucao-34-2010-cepe.pdf,bd1a73901393c98eb205a0adbaf8a36c1f6fcaa1b0130f4aed066fdc3c343a26,2010,,preserved,Primary curriculum act,curriculos/2011/fontes/resolucao-34-2010-cepe.pdf,title|version_or_validity,metadata-differences-not-adjudicated,"{""accessed_at"": ""2026-09-04"", ""document_type"": ""resolution"", ""id"": ""2011-res34"", ""institution"": ""UFPR"", ""notes"": ""Primary curriculum act"", ""path"": ""curriculos/2011/fontes/resolucao-34-2010-cepe.pdf"", ""sha256"": ""bd1a73901393c98eb205a0adbaf8a36c1f6fcaa1b0130f4aed066fdc3c343a26"", ""source_url"": ""https://www.inf.ufpr.br/infobiomedica/Arquivos/CEPE_Resolucao_34_2010.pdf"", ""status"": ""preserved"", ""version_or_date"": ""2010""}"
fontes/catalogo.csv,3,2011-ppc,curriculos/2011/fontes/ppc-2011.pdf,,UFPR,https://ibm.inf.ufpr.br/media/ppc-bib-1-1.pdf,2026-09-04,,PPC,curriculos/2011/fontes/ppc-2011.pdf,ab0bf7e45575baa9ad8cad429d5f5e2467093a5dd8c2852c7d54cdd0ec1f891d,2010-07-30,,preserved,Original project for implementation curriculum,curriculos/2011/fontes/ppc-2011.pdf,title|version_or_validity,metadata-differences-not-adjudicated,"{""accessed_at"": ""2026-09-04"", ""document_type"": ""PPC"", ""id"": ""2011-ppc"", ""institution"": ""UFPR"", ""notes"": ""Original project for implementation curriculum"", ""path"": ""curriculos/2011/fontes/ppc-2011.pdf"", ""sha256"": ""ab0bf7e45575baa9ad8cad429d5f5e2467093a5dd8c2852c7d54cdd0ec1f891d"", ""source_url"": ""https://ibm.inf.ufpr.br/media/ppc-bib-1-1.pdf"", ""status"": ""preserved"", ""version_or_date"": ""2010-07-30""}"
fontes/catalogo.csv,4,2011-page-grade,curriculos/2011/fontes/pagina-grade-2011.html,,UFPR,https://site-ibm-bbec98.pages.c3sl.ufpr.br/antigo/grade-2011/,2026-09-04,,HTML page,curriculos/2011/fontes/pagina-grade-2011.html,464c06cb964c2caa582acfcaa2ce983f83297efad070e9265e94dfee9c349e36,2025-10-22,,preserved,Retrospective page,,,single-origin,"{""accessed_at"": ""2026-09-04"", ""document_type"": ""HTML page"", ""id"": ""2011-page-grade"", ""institution"": ""UFPR"", ""notes"": ""Retrospective page"", ""path"": ""curriculos/2011/fontes/pagina-grade-2011.html"", ""sha256"": ""464c06cb964c2caa582acfcaa2ce983f83297efad070e9265e94dfee9c349e36"", ""source_url"": ""https://site-ibm-bbec98.pages.c3sl.ufpr.br/antigo/grade-2011/"", ""status"": ""preserved"", ""version_or_date"": ""2025-10-22""}"
fontes/catalogo.csv,5,2011-page-duration,curriculos/2011/fontes/pagina-curriculo-2011.html,,UFPR,https://site-ibm-bbec98.pages.c3sl.ufpr.br/antigo/curriculo-2011/,2026-09-04,,HTML page,curriculos/2011/fontes/pagina-curriculo-2011.html,ffb176ca0cf539ea6480f85fe89bd82c762c8eaa58add534b406a45f3511a915,2025-10-24,,preserved,Retrospective page,,,single-origin,"{""accessed_at"": ""2026-09-04"", ""document_type"": ""HTML page"", ""id"": ""2011-page-duration"", ""institution"": ""UFPR"", ""notes"": ""Retrospective page"", ""path"": ""curriculos/2011/fontes/pagina-curriculo-2011.html"", ""sha256"": ""ffb176ca0cf539ea6480f85fe89bd82c762c8eaa58add534b406a45f3511a915"", ""source_url"": ""https://site-ibm-bbec98.pages.c3sl.ufpr.br/antigo/curriculo-2011/"", ""status"": ""preserved"", ""version_or_date"": ""2025-10-24""}"
fontes/catalogo.csv,6,2011-page-ppc,curriculos/2011/fontes/pagina-ppc-2011.html,,UFPR,https://site-ibm-bbec98.pages.c3sl.ufpr.br/antigo/projeto-pedagogico-2011/,2026-09-04,,HTML page,curriculos/2011/fontes/pagina-ppc-2011.html,ba01dee18e8d6a9f2ca786968358ceda6bbb869b9afc21879a55da9e39a51fe1,2025-10-22,,preserved,Retrospective page,,,single-origin,"{""accessed_at"": ""2026-09-04"", ""document_type"": ""HTML page"", ""id"": ""2011-page-ppc"", ""institution"": ""UFPR"", ""notes"": ""Retrospective page"", ""path"": ""curriculos/2011/fontes/pagina-ppc-2011.html"", ""sha256"": ""ba01dee18e8d6a9f2ca786968358ceda6bbb869b9afc21879a55da9e39a51fe1"", ""source_url"": ""https://site-ibm-bbec98.pages.c3sl.ufpr.br/antigo/projeto-pedagogico-2011/"", ""status"": ""preserved"", ""version_or_date"": ""2025-10-22""}"
fontes/catalogo.csv,7,2023-ppc,curriculos/2023/fontes/ppc-2023.pdf,,UFPR,https://ibm.inf.ufpr.br/media/PPC_2023.pdf,2026-09-04,,PPC,curriculos/2023/fontes/ppc-2023.pdf,548f86328dd3a6940fda5535374882170d083eedb729bba601638bb7f26e4de6,2023,,preserved,Already present before this batch,curriculos/2023/fontes/ppc-2023.pdf,source_url|status|title,metadata-differences-not-adjudicated,"{""accessed_at"": ""2026-09-04"", ""document_type"": ""PPC"", ""id"": ""2023-ppc"", ""institution"": ""UFPR"", ""notes"": ""Already present before this batch"", ""path"": ""curriculos/2023/fontes/ppc-2023.pdf"", ""sha256"": ""548f86328dd3a6940fda5535374882170d083eedb729bba601638bb7f26e4de6"", ""source_url"": ""https://ibm.inf.ufpr.br/media/PPC_2023.pdf"", ""status"": ""preserved"", ""version_or_date"": ""2023""}"
fontes/catalogo.csv,8,2023-res75,curriculos/2023/fontes/resolucao-75-22-cepe.pdf,,UFPR,https://soc.ufpr.br/wp-content/uploads/2023/01/RESOLUCAO-75-22-CEPE.pdf,2026-09-04,,resolution,curriculos/2023/fontes/resolucao-75-22-cepe.pdf,b003d94ffe7a5d91b4f352c6531186cbf2e1ce3a3ee2acc5e1267ad572826d1d,2022,,preserved,Primary current curriculum act,curriculos/2023/fontes/resolucao-75-22-cepe.pdf,source_url|status|title|version_or_validity,metadata-differences-not-adjudicated,"{""accessed_at"": ""2026-09-04"", ""document_type"": ""resolution"", ""id"": ""2023-res75"", ""institution"": ""UFPR"", ""notes"": ""Primary current curriculum act"", ""path"": ""curriculos/2023/fontes/resolucao-75-22-cepe.pdf"", ""sha256"": ""b003d94ffe7a5d91b4f352c6531186cbf2e1ce3a3ee2acc5e1267ad572826d1d"", ""source_url"": ""https://soc.ufpr.br/wp-content/uploads/2023/01/RESOLUCAO-75-22-CEPE.pdf"", ""status"": ""preserved"", ""version_or_date"": ""2022""}"
fontes/catalogo.csv,9,2023-dinf-index,curriculos/2023/fontes/pagina-dinf-disciplinas.html,,UFPR,https://web.inf.ufpr.br/dinf/?page_id=232,2026-09-04,,HTML index,curriculos/2023/fontes/pagina-dinf-disciplinas.html,aef453c94119c3ff934d98da0deb83d1ba85f8b27711bbaa5a36d9f79d2fbb4a,current page captured 2026-09-04,,preserved,Source index for DInf Fichas,curriculos/2023/fontes/pagina-dinf-disciplinas.html,status|title|version_or_validity,metadata-differences-not-adjudicated,"{""accessed_at"": ""2026-09-04"", ""document_type"": ""HTML index"", ""id"": ""2023-dinf-index"", ""institution"": ""UFPR"", ""notes"": ""Source index for DInf Fichas"", ""path"": ""curriculos/2023/fontes/pagina-dinf-disciplinas.html"", ""sha256"": ""aef453c94119c3ff934d98da0deb83d1ba85f8b27711bbaa5a36d9f79d2fbb4a"", ""source_url"": ""https://web.inf.ufpr.br/dinf/?page_id=232"", ""status"": ""preserved"", ""version_or_date"": ""current page captured 2026-09-04""}"
fontes/catalogo.csv,10,2026-edital,administracao/mec/2026/edital-01-2026-prograp-proplad.pdf,,UFPR,user-provided file,2026-09-03,,internal call,administracao/mec/2026/edital-01-2026-prograp-proplad.pdf,dc8b4a809155f4995224ecc25c71ad873357ff605e04ceb92aaa25b659897a11,2026,,preserved,Original filename recorded in administrative README,administracao/mec/2026/edital-01-2026-prograp-proplad.pdf,source_url|status|version_or_validity,metadata-differences-not-adjudicated,"{""accessed_at"": ""2026-09-03"", ""document_type"": ""internal call"", ""id"": ""2026-edital"", ""institution"": ""UFPR"", ""notes"": ""Original filename recorded in administrative README"", ""path"": ""administracao/mec/2026/edital-01-2026-prograp-proplad.pdf"", ""sha256"": ""dc8b4a809155f4995224ecc25c71ad873357ff605e04ceb92aaa25b659897a11"", ""source_url"": ""user-provided file"", ""status"": ""preserved"", ""version_or_date"": ""2026""}"
fontes/catalogo.csv,11,2026-apendice-b,administracao/mec/2026/apendice-b-proposta-informatica-biomedica.pdf,,UFPR,user-provided file,2026-09-03,,proposal form,administracao/mec/2026/apendice-b-proposta-informatica-biomedica.pdf,994b17a9b1915a8d0dfc3104d01e7cc4d49b7f85e4002102687ee2e543109052,2026,,preserved,Original filename recorded in administrative README,administracao/mec/2026/apendice-b-proposta-informatica-biomedica.pdf,source_url|status|title|version_or_validity,metadata-differences-not-adjudicated,"{""accessed_at"": ""2026-09-03"", ""document_type"": ""proposal form"", ""id"": ""2026-apendice-b"", ""institution"": ""UFPR"", ""notes"": ""Original filename recorded in administrative README"", ""path"": ""administracao/mec/2026/apendice-b-proposta-informatica-biomedica.pdf"", ""sha256"": ""994b17a9b1915a8d0dfc3104d01e7cc4d49b7f85e4002102687ee2e543109052"", ""source_url"": ""user-provided file"", ""status"": ""preserved"", ""version_or_date"": ""2026""}"
curriculos/2011/fontes/manifesto.csv,2,2011-res34,curriculos/2011/fontes/resolucao-34-2010-cepe.pdf,Resolução nº 34/2010-CEPE,UFPR,https://www.inf.ufpr.br/infobiomedica/Arquivos/CEPE_Resolucao_34_2010.pdf,2026-09-04,2010,Resolution,curriculos/2011/fontes/resolucao-34-2010-cepe.pdf,bd1a73901393c98eb205a0adbaf8a36c1f6fcaa1b0130f4aed066fdc3c343a26,2011 established only for Resolution/PPC; portal capture current,2011 curriculum act and formal catalog,preserved,HTML captured unchanged; session identifiers removed by capture URL canonicalization.,curriculos/2011/fontes/resolucao-34-2010-cepe.pdf,title|version_or_validity,metadata-differences-not-adjudicated,"{""accessed_at"": ""2026-09-04"", ""document_date"": ""2010"", ""document_type"": ""Resolution"", ""id"": ""2011-res34"", ""institution"": ""UFPR"", ""local_path"": ""curriculos/2011/fontes/resolucao-34-2010-cepe.pdf"", ""notes"": ""HTML captured unchanged; session identifiers removed by capture URL canonicalization."", ""purpose"": ""2011 curriculum act and formal catalog"", ""sha256"": ""bd1a73901393c98eb205a0adbaf8a36c1f6fcaa1b0130f4aed066fdc3c343a26"", ""source_url"": ""https://www.inf.ufpr.br/infobiomedica/Arquivos/CEPE_Resolucao_34_2010.pdf"", ""status"": ""preserved"", ""title"": ""Resolução nº 34/2010-CEPE"", ""version_or_validity"": ""2011 established only for Resolution/PPC; portal capture current""}"
curriculos/2011/fontes/manifesto.csv,3,2011-ppc,curriculos/2011/fontes/ppc-2011.pdf,Projeto Pedagógico do Bacharelado em Informática Biomédica,UFPR,https://ibm.inf.ufpr.br/media/ppc-bib-1-1.pdf,2026-09-04,2010-07-30,PPC,curriculos/2011/fontes/ppc-2011.pdf,ab0bf7e45575baa9ad8cad429d5f5e2467093a5dd8c2852c7d54cdd0ec1f891d,2011 established only for Resolution/PPC; portal capture current,corroborating curriculum structure,preserved,HTML captured unchanged; session identifiers removed by capture URL canonicalization.,curriculos/2011/fontes/ppc-2011.pdf,title|version_or_validity,metadata-differences-not-adjudicated,"{""accessed_at"": ""2026-09-04"", ""document_date"": ""2010-07-30"", ""document_type"": ""PPC"", ""id"": ""2011-ppc"", ""institution"": ""UFPR"", ""local_path"": ""curriculos/2011/fontes/ppc-2011.pdf"", ""notes"": ""HTML captured unchanged; session identifiers removed by capture URL canonicalization."", ""purpose"": ""corroborating curriculum structure"", ""sha256"": ""ab0bf7e45575baa9ad8cad429d5f5e2467093a5dd8c2852c7d54cdd0ec1f891d"", ""source_url"": ""https://ibm.inf.ufpr.br/media/ppc-bib-1-1.pdf"", ""status"": ""preserved"", ""title"": ""Projeto Pedagógico do Bacharelado em Informática Biomédica"", ""version_or_validity"": ""2011 established only for Resolution/PPC; portal capture current""}"
curriculos/2011/fontes/manifesto.csv,4,2011-ementario-curriculo,curriculos/2011/fontes/ementario/curriculo-96a.html,Currículo 96A — Informática Biomédica,UFPR,https://ementario.ufpr.br/ementario/curriculo.action?v=1225,2026-09-04,not stated,HTML page,curriculos/2011/fontes/ementario/curriculo-96a.html,5c3e824bb8a44d72f59affc4b2409c44acdcbbdf403ec7ca3a5c8440f5851363,2011 established only for Resolution/PPC; portal capture current,current portal representation of 96A curriculum,preserved,HTML captured unchanged; session identifiers removed by capture URL canonicalization.,,,single-origin,"{""accessed_at"": ""2026-09-04"", ""document_date"": ""not stated"", ""document_type"": ""HTML page"", ""id"": ""2011-ementario-curriculo"", ""institution"": ""UFPR"", ""local_path"": ""curriculos/2011/fontes/ementario/curriculo-96a.html"", ""notes"": ""HTML captured unchanged; session identifiers removed by capture URL canonicalization."", ""purpose"": ""current portal representation of 96A curriculum"", ""sha256"": ""5c3e824bb8a44d72f59affc4b2409c44acdcbbdf403ec7ca3a5c8440f5851363"", ""source_url"": ""https://ementario.ufpr.br/ementario/curriculo.action?v=1225"", ""status"": ""preserved"", ""title"": ""Currículo 96A — Informática Biomédica"", ""version_or_validity"": ""2011 established only for Resolution/PPC; portal capture current""}"
curriculos/2011/fontes/manifesto.csv,5,2011-ementario-course,curriculos/2011/fontes/ementario/curso-96a.html,Curso 96A — Informática Biomédica,UFPR,https://ementario.ufpr.br/ementario/curso.action?v=1225,2026-09-04,not stated,HTML page,curriculos/2011/fontes/ementario/curso-96a.html,bfe518dd23253ab5cd0a34b85b36694326f6b990ae7651aa3399f5a6ea9a68d5,2011 established only for Resolution/PPC; portal capture current,course identity context,preserved,HTML captured unchanged; session identifiers removed by capture URL canonicalization.,,,single-origin,"{""accessed_at"": ""2026-09-04"", ""document_date"": ""not stated"", ""document_type"": ""HTML page"", ""id"": ""2011-ementario-course"", ""institution"": ""UFPR"", ""local_path"": ""curriculos/2011/fontes/ementario/curso-96a.html"", ""notes"": ""HTML captured unchanged; session identifiers removed by capture URL canonicalization."", ""purpose"": ""course identity context"", ""sha256"": ""bfe518dd23253ab5cd0a34b85b36694326f6b990ae7651aa3399f5a6ea9a68d5"", ""source_url"": ""https://ementario.ufpr.br/ementario/curso.action?v=1225"", ""status"": ""preserved"", ""title"": ""Curso 96A — Informática Biomédica"", ""version_or_validity"": ""2011 established only for Resolution/PPC; portal capture current""}"
curriculos/2011/fontes/manifesto.csv,6,2011-ementario-ci241,curriculos/2011/fontes/ementario/disciplinas/161246.html,Ementário component record — CI241,UFPR,https://ementario.ufpr.br/ementario/disciplina.action?d=161246,2026-09-04,not stated,HTML page,curriculos/2011/fontes/ementario/disciplinas/161246.html,b12de39d630bc2ee64ba019de984e69c69225ea0481f7cc7e83f1e8a56491d5a,2011 established only for Resolution/PPC; portal capture current,department and ementa-field status for CI241,preserved,HTML captured unchanged; session identifiers removed by capture URL canonicalization.,,,single-origin,"{""accessed_at"": ""2026-09-04"", ""document_date"": ""not stated"", ""document_type"": ""HTML page"", ""id"": ""2011-ementario-ci241"", ""institution"": ""UFPR"", ""local_path"": ""curriculos/2011/fontes/ementario/disciplinas/161246.html"", ""notes"": ""HTML captured unchanged; session identifiers removed by capture URL canonicalization."", ""purpose"": ""department and ementa-field status for CI241"", ""sha256"": ""b12de39d630bc2ee64ba019de984e69c69225ea0481f7cc7e83f1e8a56491d5a"", ""source_url"": ""https://ementario.ufpr.br/ementario/disciplina.action?d=161246"", ""status"": ""preserved"", ""title"": ""Ementário component record — CI241"", ""version_or_validity"": ""2011 established only for Resolution/PPC; portal capture current""}"
curriculos/2011/fontes/manifesto.csv,7,2011-ementario-ci055,curriculos/2011/fontes/ementario/disciplinas/161247.html,Ementário component record — CI055,UFPR,https://ementario.ufpr.br/ementario/disciplina.action?d=161247,2026-09-04,not stated,HTML page,curriculos/2011/fontes/ementario/disciplinas/161247.html,c231b4ffb8da01ab8af6e8725ea10020b881fc5288c92af843208c6f2a2df5fb,2011 established only for Resolution/PPC; portal capture current,department and ementa-field status for CI055,preserved,HTML captured unchanged; session identifiers removed by capture URL canonicalization.,,,single-origin,"{""accessed_at"": ""2026-09-04"", ""document_date"": ""not stated"", ""document_type"": ""HTML page"", ""id"": ""2011-ementario-ci055"", ""institution"": ""UFPR"", ""local_path"": ""curriculos/2011/fontes/ementario/disciplinas/161247.html"", ""notes"": ""HTML captured unchanged; session identifiers removed by capture URL canonicalization."", ""purpose"": ""department and ementa-field status for CI055"", ""sha256"": ""c231b4ffb8da01ab8af6e8725ea10020b881fc5288c92af843208c6f2a2df5fb"", ""source_url"": ""https://ementario.ufpr.br/ementario/disciplina.action?d=161247"", ""status"": ""preserved"", ""title"": ""Ementário component record — CI055"", ""version_or_validity"": ""2011 established only for Resolution/PPC; portal capture current""}"
curriculos/2011/fontes/manifesto.csv,8,2011-ementario-cm201,curriculos/2011/fontes/ementario/disciplinas/161248.html,Ementário component record — CM201,UFPR,https://ementario.ufpr.br/ementario/disciplina.action?d=161248,2026-09-04,not stated,HTML page,curriculos/2011/fontes/ementario/disciplinas/161248.html,8c59f398f97bfa24dd4694f3a6dda2232af29f340135995db425e4e06ea34880,2011 established only for Resolution/PPC; portal capture current,department and ementa-field status for CM201,preserved,HTML captured unchanged; session identifiers removed by capture URL canonicalization.,,,single-origin,"{""accessed_at"": ""2026-09-04"", ""document_date"": ""not stated"", ""document_type"": ""HTML page"", ""id"": ""2011-ementario-cm201"", ""institution"": ""UFPR"", ""local_path"": ""curriculos/2011/fontes/ementario/disciplinas/161248.html"", ""notes"": ""HTML captured unchanged; session identifiers removed by capture URL canonicalization."", ""purpose"": ""department and ementa-field status for CM201"", ""sha256"": ""8c59f398f97bfa24dd4694f3a6dda2232af29f340135995db425e4e06ea34880"", ""source_url"": ""https://ementario.ufpr.br/ementario/disciplina.action?d=161248"", ""status"": ""preserved"", ""title"": ""Ementário component record — CM201"", ""version_or_validity"": ""2011 established only for Resolution/PPC; portal capture current""}"
curriculos/2011/fontes/manifesto.csv,9,2011-ementario-cm045,curriculos/2011/fontes/ementario/disciplinas/161249.html,Ementário component record — CM045,UFPR,https://ementario.ufpr.br/ementario/disciplina.action?d=161249,2026-09-04,not stated,HTML page,curriculos/2011/fontes/ementario/disciplinas/161249.html,4e2f514e2494307e7ff3068fa32a2246e396787d6fdfcdb2705b1722512c5141,2011 established only for Resolution/PPC; portal capture current,department and ementa-field status for CM045,preserved,HTML captured unchanged; session identifiers removed by capture URL canonicalization.,,,single-origin,"{""accessed_at"": ""2026-09-04"", ""document_date"": ""not stated"", ""document_type"": ""HTML page"", ""id"": ""2011-ementario-cm045"", ""institution"": ""UFPR"", ""local_path"": ""curriculos/2011/fontes/ementario/disciplinas/161249.html"", ""notes"": ""HTML captured unchanged; session identifiers removed by capture URL canonicalization."", ""purpose"": ""department and ementa-field status for CM045"", ""sha256"": ""4e2f514e2494307e7ff3068fa32a2246e396787d6fdfcdb2705b1722512c5141"", ""source_url"": ""https://ementario.ufpr.br/ementario/disciplina.action?d=161249"", ""status"": ""preserved"", ""title"": ""Ementário component record — CM045"", ""version_or_validity"": ""2011 established only for Resolution/PPC; portal capture current""}"
curriculos/2011/fontes/manifesto.csv,10,2011-ementario-ba040,curriculos/2011/fontes/ementario/disciplinas/161250.html,Ementário component record — BA040,UFPR,https://ementario.ufpr.br/ementario/disciplina.action?d=161250,2026-09-04,not stated,HTML page,curriculos/2011/fontes/ementario/disciplinas/161250.html,5901f4c56c95db2c6e750b766d0c1e122d354537b2ed1520c3a3fce9dfa457eb,2011 established only for Resolution/PPC; portal capture current,department and ementa-field status for BA040,preserved,HTML captured unchanged; session identifiers removed by capture URL canonicalization.,,,single-origin,"{""accessed_at"": ""2026-09-04"", ""document_date"": ""not stated"", ""document_type"": ""HTML page"", ""id"": ""2011-ementario-ba040"", ""institution"": ""UFPR"", ""local_path"": ""curriculos/2011/fontes/ementario/disciplinas/161250.html"", ""notes"": ""HTML captured unchanged; session identifiers removed by capture URL canonicalization."", ""purpose"": ""department and ementa-field status for BA040"", ""sha256"": ""5901f4c56c95db2c6e750b766d0c1e122d354537b2ed1520c3a3fce9dfa457eb"", ""source_url"": ""https://ementario.ufpr.br/ementario/disciplina.action?d=161250"", ""status"": ""preserved"", ""title"": ""Ementário component record — BA040"", ""version_or_validity"": ""2011 established only for Resolution/PPC; portal capture current""}"
curriculos/2011/fontes/manifesto.csv,11,2011-ementario-ci243,curriculos/2011/fontes/ementario/disciplinas/161251.html,Ementário component record — CI243,UFPR,https://ementario.ufpr.br/ementario/disciplina.action?d=161251,2026-09-04,not stated,HTML page,curriculos/2011/fontes/ementario/disciplinas/161251.html,3f24d211c527398750c715b9ca02eb984c63b6ac8d4409e8c7c4c10a302d840a,2011 established only for Resolution/PPC; portal capture current,department and ementa-field status for CI243,preserved,HTML captured unchanged; session identifiers removed by capture URL canonicalization.,,,single-origin,"{""accessed_at"": ""2026-09-04"", ""document_date"": ""not stated"", ""document_type"": ""HTML page"", ""id"": ""2011-ementario-ci243"", ""institution"": ""UFPR"", ""local_path"": ""curriculos/2011/fontes/ementario/disciplinas/161251.html"", ""notes"": ""HTML captured unchanged; session identifiers removed by capture URL canonicalization."", ""purpose"": ""department and ementa-field status for CI243"", ""sha256"": ""3f24d211c527398750c715b9ca02eb984c63b6ac8d4409e8c7c4c10a302d840a"", ""source_url"": ""https://ementario.ufpr.br/ementario/disciplina.action?d=161251"", ""status"": ""preserved"", ""title"": ""Ementário component record — CI243"", ""version_or_validity"": ""2011 established only for Resolution/PPC; portal capture current""}"
curriculos/2011/fontes/manifesto.csv,12,2011-ementario-ci056,curriculos/2011/fontes/ementario/disciplinas/161252.html,Ementário component record — CI056,UFPR,https://ementario.ufpr.br/ementario/disciplina.action?d=161252,2026-09-04,not stated,HTML page,curriculos/2011/fontes/ementario/disciplinas/161252.html,1e223320bdff29151b8effb732a3808ef8446e890fcc8a1d1bb8b6c19bf67b08,2011 established only for Resolution/PPC; portal capture current,department and ementa-field status for CI056,preserved,HTML captured unchanged; session identifiers removed by capture URL canonicalization.,,,single-origin,"{""accessed_at"": ""2026-09-04"", ""document_date"": ""not stated"", ""document_type"": ""HTML page"", ""id"": ""2011-ementario-ci056"", ""institution"": ""UFPR"", ""local_path"": ""curriculos/2011/fontes/ementario/disciplinas/161252.html"", ""notes"": ""HTML captured unchanged; session identifiers removed by capture URL canonicalization."", ""purpose"": ""department and ementa-field status for CI056"", ""sha256"": ""1e223320bdff29151b8effb732a3808ef8446e890fcc8a1d1bb8b6c19bf67b08"", ""source_url"": ""https://ementario.ufpr.br/ementario/disciplina.action?d=161252"", ""status"": ""preserved"", ""title"": ""Ementário component record — CI056"", ""version_or_validity"": ""2011 established only for Resolution/PPC; portal capture current""}"
curriculos/2011/fontes/manifesto.csv,13,2011-ementario-ci067,curriculos/2011/fontes/ementario/disciplinas/161253.html,Ementário component record — CI067,UFPR,https://ementario.ufpr.br/ementario/disciplina.action?d=161253,2026-09-04,not stated,HTML page,curriculos/2011/fontes/ementario/disciplinas/161253.html,e509cff9255e12cb78389264b7a04e6175ebf780ac5a68b78db92d2014c530c4,2011 established only for Resolution/PPC; portal capture current,department and ementa-field status for CI067,preserved,HTML captured unchanged; session identifiers removed by capture URL canonicalization.,,,single-origin,"{""accessed_at"": ""2026-09-04"", ""document_date"": ""not stated"", ""document_type"": ""HTML page"", ""id"": ""2011-ementario-ci067"", ""institution"": ""UFPR"", ""local_path"": ""curriculos/2011/fontes/ementario/disciplinas/161253.html"", ""notes"": ""HTML captured unchanged; session identifiers removed by capture URL canonicalization."", ""purpose"": ""department and ementa-field status for CI067"", ""sha256"": ""e509cff9255e12cb78389264b7a04e6175ebf780ac5a68b78db92d2014c530c4"", ""source_url"": ""https://ementario.ufpr.br/ementario/disciplina.action?d=161253"", ""status"": ""preserved"", ""title"": ""Ementário component record — CI067"", ""version_or_validity"": ""2011 established only for Resolution/PPC; portal capture current""}"
curriculos/2011/fontes/manifesto.csv,14,2011-ementario-cm005,curriculos/2011/fontes/ementario/disciplinas/161254.html,Ementário component record — CM005,UFPR,https://ementario.ufpr.br/ementario/disciplina.action?d=161254,2026-09-04,not stated,HTML page,curriculos/2011/fontes/ementario/disciplinas/161254.html,af2bae14ab5f0c5175049be81662c913338c1e97b75bc15560475a88007e90cd,2011 established only for Resolution/PPC; portal capture current,department and ementa-field status for CM005,preserved,HTML captured unchanged; session identifiers removed by capture URL canonicalization.,,,single-origin,"{""accessed_at"": ""2026-09-04"", ""document_date"": ""not stated"", ""document_type"": ""HTML page"", ""id"": ""2011-ementario-cm005"", ""institution"": ""UFPR"", ""local_path"": ""curriculos/2011/fontes/ementario/disciplinas/161254.html"", ""notes"": ""HTML captured unchanged; session identifiers removed by capture URL canonicalization."", ""purpose"": ""department and ementa-field status for CM005"", ""sha256"": ""af2bae14ab5f0c5175049be81662c913338c1e97b75bc15560475a88007e90cd"", ""source_url"": ""https://ementario.ufpr.br/ementario/disciplina.action?d=161254"", ""status"": ""preserved"", ""title"": ""Ementário component record — CM005"", ""version_or_validity"": ""2011 established only for Resolution/PPC; portal capture current""}"
curriculos/2011/fontes/manifesto.csv,15,2011-ementario-bq005,curriculos/2011/fontes/ementario/disciplinas/161255.html,Ementário component record — BQ005,UFPR,https://ementario.ufpr.br/ementario/disciplina.action?d=161255,2026-09-04,not stated,HTML page,curriculos/2011/fontes/ementario/disciplinas/161255.html,b47c7fd7f9d131a33a64f604f91b9edcc629245bd02bcfd5a862a478e16ccc02,2011 established only for Resolution/PPC; portal capture current,department and ementa-field status for BQ005,preserved,HTML captured unchanged; session identifiers removed by capture URL canonicalization.,,,single-origin,"{""accessed_at"": ""2026-09-04"", ""document_date"": ""not stated"", ""document_type"": ""HTML page"", ""id"": ""2011-ementario-bq005"", ""institution"": ""UFPR"", ""local_path"": ""curriculos/2011/fontes/ementario/disciplinas/161255.html"", ""notes"": ""HTML captured unchanged; session identifiers removed by capture URL canonicalization."", ""purpose"": ""department and ementa-field status for BQ005"", ""sha256"": ""b47c7fd7f9d131a33a64f604f91b9edcc629245bd02bcfd5a862a478e16ccc02"", ""source_url"": ""https://ementario.ufpr.br/ementario/disciplina.action?d=161255"", ""status"": ""preserved"", ""title"": ""Ementário component record — BQ005"", ""version_or_validity"": ""2011 established only for Resolution/PPC; portal capture current""}"
curriculos/2011/fontes/manifesto.csv,16,2011-ementario-ci244,curriculos/2011/fontes/ementario/disciplinas/161256.html,Ementário component record — CI244,UFPR,https://ementario.ufpr.br/ementario/disciplina.action?d=161256,2026-09-04,not stated,HTML page,curriculos/2011/fontes/ementario/disciplinas/161256.html,41181de757e0bfbee8c09d4e6ce393a0f5e159efa49873ee058f265e3ac951b4,2011 established only for Resolution/PPC; portal capture current,department and ementa-field status for CI244,preserved,HTML captured unchanged; session identifiers removed by capture URL canonicalization.,,,single-origin,"{""accessed_at"": ""2026-09-04"", ""document_date"": ""not stated"", ""document_type"": ""HTML page"", ""id"": ""2011-ementario-ci244"", ""institution"": ""UFPR"", ""local_path"": ""curriculos/2011/fontes/ementario/disciplinas/161256.html"", ""notes"": ""HTML captured unchanged; session identifiers removed by capture URL canonicalization."", ""purpose"": ""department and ementa-field status for CI244"", ""sha256"": ""41181de757e0bfbee8c09d4e6ce393a0f5e159efa49873ee058f265e3ac951b4"", ""source_url"": ""https://ementario.ufpr.br/ementario/disciplina.action?d=161256"", ""status"": ""preserved"", ""title"": ""Ementário component record — CI244"", ""version_or_validity"": ""2011 established only for Resolution/PPC; portal capture current""}"
curriculos/2011/fontes/manifesto.csv,17,2011-ementario-ci057,curriculos/2011/fontes/ementario/disciplinas/161257.html,Ementário component record — CI057,UFPR,https://ementario.ufpr.br/ementario/disciplina.action?d=161257,2026-09-04,not stated,HTML page,curriculos/2011/fontes/ementario/disciplinas/161257.html,82e1f96889c14b25865484a093f60fdb5a0bb5d6c6b5b9e3f2b1c03314cdf914,2011 established only for Resolution/PPC; portal capture current,department and ementa-field status for CI057,preserved,HTML captured unchanged; session identifiers removed by capture URL canonicalization.,,,single-origin,"{""accessed_at"": ""2026-09-04"", ""document_date"": ""not stated"", ""document_type"": ""HTML page"", ""id"": ""2011-ementario-ci057"", ""institution"": ""UFPR"", ""local_path"": ""curriculos/2011/fontes/ementario/disciplinas/161257.html"", ""notes"": ""HTML captured unchanged; session identifiers removed by capture URL canonicalization."", ""purpose"": ""department and ementa-field status for CI057"", ""sha256"": ""82e1f96889c14b25865484a093f60fdb5a0bb5d6c6b5b9e3f2b1c03314cdf914"", ""source_url"": ""https://ementario.ufpr.br/ementario/disciplina.action?d=161257"", ""status"": ""preserved"", ""title"": ""Ementário component record — CI057"", ""version_or_validity"": ""2011 established only for Resolution/PPC; portal capture current""}"
curriculos/2011/fontes/manifesto.csv,18,2011-ementario-ci166,curriculos/2011/fontes/ementario/disciplinas/161258.html,Ementário component record — CI166,UFPR,https://ementario.ufpr.br/ementario/disciplina.action?d=161258,2026-09-04,not stated,HTML page,curriculos/2011/fontes/ementario/disciplinas/161258.html,fadfcb1c476b67e96d4560090f379043ef6338409daaa27e1c0f234ae849cce9,2011 established only for Resolution/PPC; portal capture current,department and ementa-field status for CI166,preserved,HTML captured unchanged; session identifiers removed by capture URL canonicalization.,,,single-origin,"{""accessed_at"": ""2026-09-04"", ""document_date"": ""not stated"", ""document_type"": ""HTML page"", ""id"": ""2011-ementario-ci166"", ""institution"": ""UFPR"", ""local_path"": ""curriculos/2011/fontes/ementario/disciplinas/161258.html"", ""notes"": ""HTML captured unchanged; session identifiers removed by capture URL canonicalization."", ""purpose"": ""department and ementa-field status for CI166"", ""sha256"": ""fadfcb1c476b67e96d4560090f379043ef6338409daaa27e1c0f234ae849cce9"", ""source_url"": ""https://ementario.ufpr.br/ementario/disciplina.action?d=161258"", ""status"": ""preserved"", ""title"": ""Ementário component record — CI166"", ""version_or_validity"": ""2011 established only for Resolution/PPC; portal capture current""}"
curriculos/2011/fontes/manifesto.csv,19,2011-ementario-bq054,curriculos/2011/fontes/ementario/disciplinas/161259.html,Ementário component record — BQ054,UFPR,https://ementario.ufpr.br/ementario/disciplina.action?d=161259,2026-09-04,not stated,HTML page,curriculos/2011/fontes/ementario/disciplinas/161259.html,77fb834a707aa2c98d88b25e3c01a53e766c348e4f1c7d6e99bd49edc0f9a7ec,2011 established only for Resolution/PPC; portal capture current,department and ementa-field status for BQ054,preserved,HTML captured unchanged; session identifiers removed by capture URL canonicalization.,,,single-origin,"{""accessed_at"": ""2026-09-04"", ""document_date"": ""not stated"", ""document_type"": ""HTML page"", ""id"": ""2011-ementario-bq054"", ""institution"": ""UFPR"", ""local_path"": ""curriculos/2011/fontes/ementario/disciplinas/161259.html"", ""notes"": ""HTML captured unchanged; session identifiers removed by capture URL canonicalization."", ""purpose"": ""department and ementa-field status for BQ054"", ""sha256"": ""77fb834a707aa2c98d88b25e3c01a53e766c348e4f1c7d6e99bd49edc0f9a7ec"", ""source_url"": ""https://ementario.ufpr.br/ementario/disciplina.action?d=161259"", ""status"": ""preserved"", ""title"": ""Ementário component record — BQ054"", ""version_or_validity"": ""2011 established only for Resolution/PPC; portal capture current""}"
curriculos/2011/fontes/manifesto.csv,20,2011-ementario-bc056,curriculos/2011/fontes/ementario/disciplinas/161260.html,Ementário component record — BC056,UFPR,https://ementario.ufpr.br/ementario/disciplina.action?d=161260,2026-09-04,not stated,HTML page,curriculos/2011/fontes/ementario/disciplinas/161260.html,c6b25b1d897c08093ae9c67bdf6e4c0cfe8503fc30205b2fb7afe5e7ef216e78,2011 established only for Resolution/PPC; portal capture current,department and ementa-field status for BC056,preserved,HTML captured unchanged; session identifiers removed by capture URL canonicalization.,,,single-origin,"{""accessed_at"": ""2026-09-04"", ""document_date"": ""not stated"", ""document_type"": ""HTML page"", ""id"": ""2011-ementario-bc056"", ""institution"": ""UFPR"", ""local_path"": ""curriculos/2011/fontes/ementario/disciplinas/161260.html"", ""notes"": ""HTML captured unchanged; session identifiers removed by capture URL canonicalization."", ""purpose"": ""department and ementa-field status for BC056"", ""sha256"": ""c6b25b1d897c08093ae9c67bdf6e4c0cfe8503fc30205b2fb7afe5e7ef216e78"", ""source_url"": ""https://ementario.ufpr.br/ementario/disciplina.action?d=161260"", ""status"": ""preserved"", ""title"": ""Ementário component record — BC056"", ""version_or_validity"": ""2011 established only for Resolution/PPC; portal capture current""}"
curriculos/2011/fontes/manifesto.csv,21,2011-ementario-ci215,curriculos/2011/fontes/ementario/disciplinas/161261.html,Ementário component record — CI215,UFPR,https://ementario.ufpr.br/ementario/disciplina.action?d=161261,2026-09-04,not stated,HTML page,curriculos/2011/fontes/ementario/disciplinas/161261.html,b9c35e6f7c73ba4c943f443e6d68c2dc571bbb98b487105438a81e797e20dbfb,2011 established only for Resolution/PPC; portal capture current,department and ementa-field status for CI215,preserved,HTML captured unchanged; session identifiers removed by capture URL canonicalization.,,,single-origin,"{""accessed_at"": ""2026-09-04"", ""document_date"": ""not stated"", ""document_type"": ""HTML page"", ""id"": ""2011-ementario-ci215"", ""institution"": ""UFPR"", ""local_path"": ""curriculos/2011/fontes/ementario/disciplinas/161261.html"", ""notes"": ""HTML captured unchanged; session identifiers removed by capture URL canonicalization."", ""purpose"": ""department and ementa-field status for CI215"", ""sha256"": ""b9c35e6f7c73ba4c943f443e6d68c2dc571bbb98b487105438a81e797e20dbfb"", ""source_url"": ""https://ementario.ufpr.br/ementario/disciplina.action?d=161261"", ""status"": ""preserved"", ""title"": ""Ementário component record — CI215"", ""version_or_validity"": ""2011 established only for Resolution/PPC; portal capture current""}"
curriculos/2011/fontes/manifesto.csv,22,2011-ementario-ci062,curriculos/2011/fontes/ementario/disciplinas/161262.html,Ementário component record — CI062,UFPR,https://ementario.ufpr.br/ementario/disciplina.action?d=161262,2026-09-04,not stated,HTML page,curriculos/2011/fontes/ementario/disciplinas/161262.html,7c185fa1c34ff08374cdc0162cbaa3b0895d53b68848bd11997a6a598d55b150,2011 established only for Resolution/PPC; portal capture current,department and ementa-field status for CI062,preserved,HTML captured unchanged; session identifiers removed by capture URL canonicalization.,,,single-origin,"{""accessed_at"": ""2026-09-04"", ""document_date"": ""not stated"", ""document_type"": ""HTML page"", ""id"": ""2011-ementario-ci062"", ""institution"": ""UFPR"", ""local_path"": ""curriculos/2011/fontes/ementario/disciplinas/161262.html"", ""notes"": ""HTML captured unchanged; session identifiers removed by capture URL canonicalization."", ""purpose"": ""department and ementa-field status for CI062"", ""sha256"": ""7c185fa1c34ff08374cdc0162cbaa3b0895d53b68848bd11997a6a598d55b150"", ""source_url"": ""https://ementario.ufpr.br/ementario/disciplina.action?d=161262"", ""status"": ""preserved"", ""title"": ""Ementário component record — CI062"", ""version_or_validity"": ""2011 established only for Resolution/PPC; portal capture current""}"
curriculos/2011/fontes/manifesto.csv,23,2011-ementario-ce003,curriculos/2011/fontes/ementario/disciplinas/161263.html,Ementário component record — CE003,UFPR,https://ementario.ufpr.br/ementario/disciplina.action?d=161263,2026-09-04,not stated,HTML page,curriculos/2011/fontes/ementario/disciplinas/161263.html,8b70cb63e015903b2b1d1e4fc596b3249b7f0f3cebba4c3f625a3e3f1bb1646b,2011 established only for Resolution/PPC; portal capture current,department and ementa-field status for CE003,preserved,HTML captured unchanged; session identifiers removed by capture URL canonicalization.,,,single-origin,"{""accessed_at"": ""2026-09-04"", ""document_date"": ""not stated"", ""document_type"": ""HTML page"", ""id"": ""2011-ementario-ce003"", ""institution"": ""UFPR"", ""local_path"": ""curriculos/2011/fontes/ementario/disciplinas/161263.html"", ""notes"": ""HTML captured unchanged; session identifiers removed by capture URL canonicalization."", ""purpose"": ""department and ementa-field status for CE003"", ""sha256"": ""8b70cb63e015903b2b1d1e4fc596b3249b7f0f3cebba4c3f625a3e3f1bb1646b"", ""source_url"": ""https://ementario.ufpr.br/ementario/disciplina.action?d=161263"", ""status"": ""preserved"", ""title"": ""Ementário component record — CE003"", ""version_or_validity"": ""2011 established only for Resolution/PPC; portal capture current""}"
curriculos/2011/fontes/manifesto.csv,24,2011-ementario-ci164,curriculos/2011/fontes/ementario/disciplinas/161264.html,Ementário component record — CI164,UFPR,https://ementario.ufpr.br/ementario/disciplina.action?d=161264,2026-09-04,not stated,HTML page,curriculos/2011/fontes/ementario/disciplinas/161264.html,7f3b5289edb2664004ec2b6c39761042880fc17dd78133718fe03a4ff2cfa9b0,2011 established only for Resolution/PPC; portal capture current,department and ementa-field status for CI164,preserved,HTML captured unchanged; session identifiers removed by capture URL canonicalization.,,,single-origin,"{""accessed_at"": ""2026-09-04"", ""document_date"": ""not stated"", ""document_type"": ""HTML page"", ""id"": ""2011-ementario-ci164"", ""institution"": ""UFPR"", ""local_path"": ""curriculos/2011/fontes/ementario/disciplinas/161264.html"", ""notes"": ""HTML captured unchanged; session identifiers removed by capture URL canonicalization."", ""purpose"": ""department and ementa-field status for CI164"", ""sha256"": ""7f3b5289edb2664004ec2b6c39761042880fc17dd78133718fe03a4ff2cfa9b0"", ""source_url"": ""https://ementario.ufpr.br/ementario/disciplina.action?d=161264"", ""status"": ""preserved"", ""title"": ""Ementário component record — CI164"", ""version_or_validity"": ""2011 established only for Resolution/PPC; portal capture current""}"
curriculos/2011/fontes/manifesto.csv,25,2011-ementario-bf075,curriculos/2011/fontes/ementario/disciplinas/161265.html,Ementário component record — BF075,UFPR,https://ementario.ufpr.br/ementario/disciplina.action?d=161265,2026-09-04,not stated,HTML page,curriculos/2011/fontes/ementario/disciplinas/161265.html,0f70753326ab68a15babf34ea0d8599c918a4c1507553322956b593c4a89c808,2011 established only for Resolution/PPC; portal capture current,department and ementa-field status for BF075,preserved,HTML captured unchanged; session identifiers removed by capture URL canonicalization.,,,single-origin,"{""accessed_at"": ""2026-09-04"", ""document_date"": ""not stated"", ""document_type"": ""HTML page"", ""id"": ""2011-ementario-bf075"", ""institution"": ""UFPR"", ""local_path"": ""curriculos/2011/fontes/ementario/disciplinas/161265.html"", ""notes"": ""HTML captured unchanged; session identifiers removed by capture URL canonicalization."", ""purpose"": ""department and ementa-field status for BF075"", ""sha256"": ""0f70753326ab68a15babf34ea0d8599c918a4c1507553322956b593c4a89c808"", ""source_url"": ""https://ementario.ufpr.br/ementario/disciplina.action?d=161265"", ""status"": ""preserved"", ""title"": ""Ementário component record — BF075"", ""version_or_validity"": ""2011 established only for Resolution/PPC; portal capture current""}"
curriculos/2011/fontes/manifesto.csv,26,2011-ementario-bg054,curriculos/2011/fontes/ementario/disciplinas/161266.html,Ementário component record — BG054,UFPR,https://ementario.ufpr.br/ementario/disciplina.action?d=161266,2026-09-04,not stated,HTML page,curriculos/2011/fontes/ementario/disciplinas/161266.html,4bcf3f973b2352949314b71d688e8f2a6a17467d7492e860b99907c1a856ff47,2011 established only for Resolution/PPC; portal capture current,department and ementa-field status for BG054,preserved,HTML captured unchanged; session identifiers removed by capture URL canonicalization.,,,single-origin,"{""accessed_at"": ""2026-09-04"", ""document_date"": ""not stated"", ""document_type"": ""HTML page"", ""id"": ""2011-ementario-bg054"", ""institution"": ""UFPR"", ""local_path"": ""curriculos/2011/fontes/ementario/disciplinas/161266.html"", ""notes"": ""HTML captured unchanged; session identifiers removed by capture URL canonicalization."", ""purpose"": ""department and ementa-field status for BG054"", ""sha256"": ""4bcf3f973b2352949314b71d688e8f2a6a17467d7492e860b99907c1a856ff47"", ""source_url"": ""https://ementario.ufpr.br/ementario/disciplina.action?d=161266"", ""status"": ""preserved"", ""title"": ""Ementário component record — BG054"", ""version_or_validity"": ""2011 established only for Resolution/PPC; portal capture current""}"
curriculos/2011/fontes/manifesto.csv,27,2011-ementario-ci162,curriculos/2011/fontes/ementario/disciplinas/161267.html,Ementário component record — CI162,UFPR,https://ementario.ufpr.br/ementario/disciplina.action?d=161267,2026-09-04,not stated,HTML page,curriculos/2011/fontes/ementario/disciplinas/161267.html,b30e8178d028d221d250b451ca120e05f670da5e1a76fda0a00c0c53766dcaed,2011 established only for Resolution/PPC; portal capture current,department and ementa-field status for CI162,preserved,HTML captured unchanged; session identifiers removed by capture URL canonicalization.,,,single-origin,"{""accessed_at"": ""2026-09-04"", ""document_date"": ""not stated"", ""document_type"": ""HTML page"", ""id"": ""2011-ementario-ci162"", ""institution"": ""UFPR"", ""local_path"": ""curriculos/2011/fontes/ementario/disciplinas/161267.html"", ""notes"": ""HTML captured unchanged; session identifiers removed by capture URL canonicalization."", ""purpose"": ""department and ementa-field status for CI162"", ""sha256"": ""b30e8178d028d221d250b451ca120e05f670da5e1a76fda0a00c0c53766dcaed"", ""source_url"": ""https://ementario.ufpr.br/ementario/disciplina.action?d=161267"", ""status"": ""preserved"", ""title"": ""Ementário component record — CI162"", ""version_or_validity"": ""2011 established only for Resolution/PPC; portal capture current""}"
curriculos/2011/fontes/manifesto.csv,28,2011-ementario-ci065,curriculos/2011/fontes/ementario/disciplinas/161268.html,Ementário component record — CI065,UFPR,https://ementario.ufpr.br/ementario/disciplina.action?d=161268,2026-09-04,not stated,HTML page,curriculos/2011/fontes/ementario/disciplinas/161268.html,05926c56a8826a75a31a2273c7cab5db238dbcafcd9d9a98f225cd8cc9dff946,2011 established only for Resolution/PPC; portal capture current,department and ementa-field status for CI065,preserved,HTML captured unchanged; session identifiers removed by capture URL canonicalization.,,,single-origin,"{""accessed_at"": ""2026-09-04"", ""document_date"": ""not stated"", ""document_type"": ""HTML page"", ""id"": ""2011-ementario-ci065"", ""institution"": ""UFPR"", ""local_path"": ""curriculos/2011/fontes/ementario/disciplinas/161268.html"", ""notes"": ""HTML captured unchanged; session identifiers removed by capture URL canonicalization."", ""purpose"": ""department and ementa-field status for CI065"", ""sha256"": ""05926c56a8826a75a31a2273c7cab5db238dbcafcd9d9a98f225cd8cc9dff946"", ""source_url"": ""https://ementario.ufpr.br/ementario/disciplina.action?d=161268"", ""status"": ""preserved"", ""title"": ""Ementário component record — CI065"", ""version_or_validity"": ""2011 established only for Resolution/PPC; portal capture current""}"
curriculos/2011/fontes/manifesto.csv,29,2011-ementario-ci171,curriculos/2011/fontes/ementario/disciplinas/161269.html,Ementário component record — CI171,UFPR,https://ementario.ufpr.br/ementario/disciplina.action?d=161269,2026-09-04,not stated,HTML page,curriculos/2011/fontes/ementario/disciplinas/161269.html,1dcaa94066ab98d512488738b5f86d671b348e198b7bef06d9524f46784f304e,2011 established only for Resolution/PPC; portal capture current,department and ementa-field status for CI171,preserved,HTML captured unchanged; session identifiers removed by capture URL canonicalization.,,,single-origin,"{""accessed_at"": ""2026-09-04"", ""document_date"": ""not stated"", ""document_type"": ""HTML page"", ""id"": ""2011-ementario-ci171"", ""institution"": ""UFPR"", ""local_path"": ""curriculos/2011/fontes/ementario/disciplinas/161269.html"", ""notes"": ""HTML captured unchanged; session identifiers removed by capture URL canonicalization."", ""purpose"": ""department and ementa-field status for CI171"", ""sha256"": ""1dcaa94066ab98d512488738b5f86d671b348e198b7bef06d9524f46784f304e"", ""source_url"": ""https://ementario.ufpr.br/ementario/disciplina.action?d=161269"", ""status"": ""preserved"", ""title"": ""Ementário component record — CI171"", ""version_or_validity"": ""2011 established only for Resolution/PPC; portal capture current""}"
curriculos/2011/fontes/manifesto.csv,30,2011-ementario-ci316,curriculos/2011/fontes/ementario/disciplinas/161270.html,Ementário component record — CI316,UFPR,https://ementario.ufpr.br/ementario/disciplina.action?d=161270,2026-09-04,not stated,HTML page,curriculos/2011/fontes/ementario/disciplinas/161270.html,44ecaf83ea35d7a6eeb7b212f87c8c6cb6fde652f2593e5c39b45fb912ab7364,2011 established only for Resolution/PPC; portal capture current,department and ementa-field status for CI316,preserved,HTML captured unchanged; session identifiers removed by capture URL canonicalization.,,,single-origin,"{""accessed_at"": ""2026-09-04"", ""document_date"": ""not stated"", ""document_type"": ""HTML page"", ""id"": ""2011-ementario-ci316"", ""institution"": ""UFPR"", ""local_path"": ""curriculos/2011/fontes/ementario/disciplinas/161270.html"", ""notes"": ""HTML captured unchanged; session identifiers removed by capture URL canonicalization."", ""purpose"": ""department and ementa-field status for CI316"", ""sha256"": ""44ecaf83ea35d7a6eeb7b212f87c8c6cb6fde652f2593e5c39b45fb912ab7364"", ""source_url"": ""https://ementario.ufpr.br/ementario/disciplina.action?d=161270"", ""status"": ""preserved"", ""title"": ""Ementário component record — CI316"", ""version_or_validity"": ""2011 established only for Resolution/PPC; portal capture current""}"
curriculos/2011/fontes/manifesto.csv,31,2011-ementario-mn127,curriculos/2011/fontes/ementario/disciplinas/161271.html,Ementário component record — MN127,UFPR,https://ementario.ufpr.br/ementario/disciplina.action?d=161271,2026-09-04,not stated,HTML page,curriculos/2011/fontes/ementario/disciplinas/161271.html,b9849004bf5de17e13ab0b0dcfc3c6a9381e10d7fd89f3198a12e9f5a6a60a79,2011 established only for Resolution/PPC; portal capture current,department and ementa-field status for MN127,preserved,HTML captured unchanged; session identifiers removed by capture URL canonicalization.,,,single-origin,"{""accessed_at"": ""2026-09-04"", ""document_date"": ""not stated"", ""document_type"": ""HTML page"", ""id"": ""2011-ementario-mn127"", ""institution"": ""UFPR"", ""local_path"": ""curriculos/2011/fontes/ementario/disciplinas/161271.html"", ""notes"": ""HTML captured unchanged; session identifiers removed by capture URL canonicalization."", ""purpose"": ""department and ementa-field status for MN127"", ""sha256"": ""b9849004bf5de17e13ab0b0dcfc3c6a9381e10d7fd89f3198a12e9f5a6a60a79"", ""source_url"": ""https://ementario.ufpr.br/ementario/disciplina.action?d=161271"", ""status"": ""preserved"", ""title"": ""Ementário component record — MN127"", ""version_or_validity"": ""2011 established only for Resolution/PPC; portal capture current""}"
curriculos/2011/fontes/manifesto.csv,32,2011-ementario-ci167,curriculos/2011/fontes/ementario/disciplinas/161273.html,Ementário component record — CI167,UFPR,https://ementario.ufpr.br/ementario/disciplina.action?d=161273,2026-09-04,not stated,HTML page,curriculos/2011/fontes/ementario/disciplinas/161273.html,97d5797451a8062c5e5e8258baf2be452160da4457c71c5a99bccdf60d8b00fd,2011 established only for Resolution/PPC; portal capture current,department and ementa-field status for CI167,preserved,HTML captured unchanged; session identifiers removed by capture URL canonicalization.,,,single-origin,"{""accessed_at"": ""2026-09-04"", ""document_date"": ""not stated"", ""document_type"": ""HTML page"", ""id"": ""2011-ementario-ci167"", ""institution"": ""UFPR"", ""local_path"": ""curriculos/2011/fontes/ementario/disciplinas/161273.html"", ""notes"": ""HTML captured unchanged; session identifiers removed by capture URL canonicalization."", ""purpose"": ""department and ementa-field status for CI167"", ""sha256"": ""97d5797451a8062c5e5e8258baf2be452160da4457c71c5a99bccdf60d8b00fd"", ""source_url"": ""https://ementario.ufpr.br/ementario/disciplina.action?d=161273"", ""status"": ""preserved"", ""title"": ""Ementário component record — CI167"", ""version_or_validity"": ""2011 established only for Resolution/PPC; portal capture current""}"
curriculos/2011/fontes/manifesto.csv,33,2011-ementario-ci209,curriculos/2011/fontes/ementario/disciplinas/161274.html,Ementário component record — CI209,UFPR,https://ementario.ufpr.br/ementario/disciplina.action?d=161274,2026-09-04,not stated,HTML page,curriculos/2011/fontes/ementario/disciplinas/161274.html,d942ad2a52e3ec2a0982bb31c6af600d2d4d743566921280447a9637120613e3,2011 established only for Resolution/PPC; portal capture current,department and ementa-field status for CI209,preserved,HTML captured unchanged; session identifiers removed by capture URL canonicalization.,,,single-origin,"{""accessed_at"": ""2026-09-04"", ""document_date"": ""not stated"", ""document_type"": ""HTML page"", ""id"": ""2011-ementario-ci209"", ""institution"": ""UFPR"", ""local_path"": ""curriculos/2011/fontes/ementario/disciplinas/161274.html"", ""notes"": ""HTML captured unchanged; session identifiers removed by capture URL canonicalization."", ""purpose"": ""department and ementa-field status for CI209"", ""sha256"": ""d942ad2a52e3ec2a0982bb31c6af600d2d4d743566921280447a9637120613e3"", ""source_url"": ""https://ementario.ufpr.br/ementario/disciplina.action?d=161274"", ""status"": ""preserved"", ""title"": ""Ementário component record — CI209"", ""version_or_validity"": ""2011 established only for Resolution/PPC; portal capture current""}"
curriculos/2011/fontes/manifesto.csv,34,2011-ementario-ci218,curriculos/2011/fontes/ementario/disciplinas/161275.html,Ementário component record — CI218,UFPR,https://ementario.ufpr.br/ementario/disciplina.action?d=161275,2026-09-04,not stated,HTML page,curriculos/2011/fontes/ementario/disciplinas/161275.html,89fdebcb14b4df444b3de3a5b2b0eb5ba7b11f33f09f34b9737ec52e207b81e1,2011 established only for Resolution/PPC; portal capture current,department and ementa-field status for CI218,preserved,HTML captured unchanged; session identifiers removed by capture URL canonicalization.,,,single-origin,"{""accessed_at"": ""2026-09-04"", ""document_date"": ""not stated"", ""document_type"": ""HTML page"", ""id"": ""2011-ementario-ci218"", ""institution"": ""UFPR"", ""local_path"": ""curriculos/2011/fontes/ementario/disciplinas/161275.html"", ""notes"": ""HTML captured unchanged; session identifiers removed by capture URL canonicalization."", ""purpose"": ""department and ementa-field status for CI218"", ""sha256"": ""89fdebcb14b4df444b3de3a5b2b0eb5ba7b11f33f09f34b9737ec52e207b81e1"", ""source_url"": ""https://ementario.ufpr.br/ementario/disciplina.action?d=161275"", ""status"": ""preserved"", ""title"": ""Ementário component record — CI218"", ""version_or_validity"": ""2011 established only for Resolution/PPC; portal capture current""}"
curriculos/2011/fontes/manifesto.csv,35,2011-ementario-ci394,curriculos/2011/fontes/ementario/disciplinas/161276.html,Ementário component record — CI394,UFPR,https://ementario.ufpr.br/ementario/disciplina.action?d=161276,2026-09-04,not stated,HTML page,curriculos/2011/fontes/ementario/disciplinas/161276.html,88ceae5e08ba0e686058df303c55c5fd769e4689b87d056ae18a7e1fea4e93bf,2011 established only for Resolution/PPC; portal capture current,department and ementa-field status for CI394,preserved,HTML captured unchanged; session identifiers removed by capture URL canonicalization.,,,single-origin,"{""accessed_at"": ""2026-09-04"", ""document_date"": ""not stated"", ""document_type"": ""HTML page"", ""id"": ""2011-ementario-ci394"", ""institution"": ""UFPR"", ""local_path"": ""curriculos/2011/fontes/ementario/disciplinas/161276.html"", ""notes"": ""HTML captured unchanged; session identifiers removed by capture URL canonicalization."", ""purpose"": ""department and ementa-field status for CI394"", ""sha256"": ""88ceae5e08ba0e686058df303c55c5fd769e4689b87d056ae18a7e1fea4e93bf"", ""source_url"": ""https://ementario.ufpr.br/ementario/disciplina.action?d=161276"", ""status"": ""preserved"", ""title"": ""Ementário component record — CI394"", ""version_or_validity"": ""2011 established only for Resolution/PPC; portal capture current""}"
curriculos/2011/fontes/manifesto.csv,36,2011-ementario-mn128,curriculos/2011/fontes/ementario/disciplinas/161277.html,Ementário component record — MN128,UFPR,https://ementario.ufpr.br/ementario/disciplina.action?d=161277,2026-09-04,not stated,HTML page,curriculos/2011/fontes/ementario/disciplinas/161277.html,80f7adfdb5453f91eddd65dffdf901b34edb5caa94f87508295a7427ea23a5d0,2011 established only for Resolution/PPC; portal capture current,department and ementa-field status for MN128,preserved,HTML captured unchanged; session identifiers removed by capture URL canonicalization.,,,single-origin,"{""accessed_at"": ""2026-09-04"", ""document_date"": ""not stated"", ""document_type"": ""HTML page"", ""id"": ""2011-ementario-mn128"", ""institution"": ""UFPR"", ""local_path"": ""curriculos/2011/fontes/ementario/disciplinas/161277.html"", ""notes"": ""HTML captured unchanged; session identifiers removed by capture URL canonicalization."", ""purpose"": ""department and ementa-field status for MN128"", ""sha256"": ""80f7adfdb5453f91eddd65dffdf901b34edb5caa94f87508295a7427ea23a5d0"", ""source_url"": ""https://ementario.ufpr.br/ementario/disciplina.action?d=161277"", ""status"": ""preserved"", ""title"": ""Ementário component record — MN128"", ""version_or_validity"": ""2011 established only for Resolution/PPC; portal capture current""}"
curriculos/2011/fontes/manifesto.csv,37,2011-ementario-ci220,curriculos/2011/fontes/ementario/disciplinas/161278.html,Ementário component record — CI220,UFPR,https://ementario.ufpr.br/ementario/disciplina.action?d=161278,2026-09-04,not stated,HTML page,curriculos/2011/fontes/ementario/disciplinas/161278.html,39818ab5bedada60dc3bda8430cfb37798036d10544d59bf1ab112975b79e6e5,2011 established only for Resolution/PPC; portal capture current,department and ementa-field status for CI220,preserved,HTML captured unchanged; session identifiers removed by capture URL canonicalization.,,,single-origin,"{""accessed_at"": ""2026-09-04"", ""document_date"": ""not stated"", ""document_type"": ""HTML page"", ""id"": ""2011-ementario-ci220"", ""institution"": ""UFPR"", ""local_path"": ""curriculos/2011/fontes/ementario/disciplinas/161278.html"", ""notes"": ""HTML captured unchanged; session identifiers removed by capture URL canonicalization."", ""purpose"": ""department and ementa-field status for CI220"", ""sha256"": ""39818ab5bedada60dc3bda8430cfb37798036d10544d59bf1ab112975b79e6e5"", ""source_url"": ""https://ementario.ufpr.br/ementario/disciplina.action?d=161278"", ""status"": ""preserved"", ""title"": ""Ementário component record — CI220"", ""version_or_validity"": ""2011 established only for Resolution/PPC; portal capture current""}"
curriculos/2011/fontes/manifesto.csv,38,2011-ementario-ci221,curriculos/2011/fontes/ementario/disciplinas/161279.html,Ementário component record — CI221,UFPR,https://ementario.ufpr.br/ementario/disciplina.action?d=161279,2026-09-04,not stated,HTML page,curriculos/2011/fontes/ementario/disciplinas/161279.html,e8495d9f287c708e67a29a9480f3d00ade6b339c226262cc39f9fb7ef2350ae4,2011 established only for Resolution/PPC; portal capture current,department and ementa-field status for CI221,preserved,HTML captured unchanged; session identifiers removed by capture URL canonicalization.,,,single-origin,"{""accessed_at"": ""2026-09-04"", ""document_date"": ""not stated"", ""document_type"": ""HTML page"", ""id"": ""2011-ementario-ci221"", ""institution"": ""UFPR"", ""local_path"": ""curriculos/2011/fontes/ementario/disciplinas/161279.html"", ""notes"": ""HTML captured unchanged; session identifiers removed by capture URL canonicalization."", ""purpose"": ""department and ementa-field status for CI221"", ""sha256"": ""e8495d9f287c708e67a29a9480f3d00ade6b339c226262cc39f9fb7ef2350ae4"", ""source_url"": ""https://ementario.ufpr.br/ementario/disciplina.action?d=161279"", ""status"": ""preserved"", ""title"": ""Ementário component record — CI221"", ""version_or_validity"": ""2011 established only for Resolution/PPC; portal capture current""}"
curriculos/2011/fontes/manifesto.csv,39,2011-ementario-ci169,curriculos/2011/fontes/ementario/disciplinas/161280.html,Ementário component record — CI169,UFPR,https://ementario.ufpr.br/ementario/disciplina.action?d=161280,2026-09-04,not stated,HTML page,curriculos/2011/fontes/ementario/disciplinas/161280.html,c75af921e6e8a38f6583165657fc5f33d68c215a4581b08a06a1b09910542599,2011 established only for Resolution/PPC; portal capture current,department and ementa-field status for CI169,preserved,HTML captured unchanged; session identifiers removed by capture URL canonicalization.,,,single-origin,"{""accessed_at"": ""2026-09-04"", ""document_date"": ""not stated"", ""document_type"": ""HTML page"", ""id"": ""2011-ementario-ci169"", ""institution"": ""UFPR"", ""local_path"": ""curriculos/2011/fontes/ementario/disciplinas/161280.html"", ""notes"": ""HTML captured unchanged; session identifiers removed by capture URL canonicalization."", ""purpose"": ""department and ementa-field status for CI169"", ""sha256"": ""c75af921e6e8a38f6583165657fc5f33d68c215a4581b08a06a1b09910542599"", ""source_url"": ""https://ementario.ufpr.br/ementario/disciplina.action?d=161280"", ""status"": ""preserved"", ""title"": ""Ementário component record — CI169"", ""version_or_validity"": ""2011 established only for Resolution/PPC; portal capture current""}"
curriculos/2011/fontes/manifesto.csv,40,2011-ementario-ci172,curriculos/2011/fontes/ementario/disciplinas/161281.html,Ementário component record — CI172,UFPR,https://ementario.ufpr.br/ementario/disciplina.action?d=161281,2026-09-04,not stated,HTML page,curriculos/2011/fontes/ementario/disciplinas/161281.html,473999e5ad320fbeafd1b48374a678da3882835083d2632c05761ce7ac0d29c1,2011 established only for Resolution/PPC; portal capture current,department and ementa-field status for CI172,preserved,HTML captured unchanged; session identifiers removed by capture URL canonicalization.,,,single-origin,"{""accessed_at"": ""2026-09-04"", ""document_date"": ""not stated"", ""document_type"": ""HTML page"", ""id"": ""2011-ementario-ci172"", ""institution"": ""UFPR"", ""local_path"": ""curriculos/2011/fontes/ementario/disciplinas/161281.html"", ""notes"": ""HTML captured unchanged; session identifiers removed by capture URL canonicalization."", ""purpose"": ""department and ementa-field status for CI172"", ""sha256"": ""473999e5ad320fbeafd1b48374a678da3882835083d2632c05761ce7ac0d29c1"", ""source_url"": ""https://ementario.ufpr.br/ementario/disciplina.action?d=161281"", ""status"": ""preserved"", ""title"": ""Ementário component record — CI172"", ""version_or_validity"": ""2011 established only for Resolution/PPC; portal capture current""}"
curriculos/2011/fontes/manifesto.csv,41,2011-ementario-mn129,curriculos/2011/fontes/ementario/disciplinas/161282.html,Ementário component record — MN129,UFPR,https://ementario.ufpr.br/ementario/disciplina.action?d=161282,2026-09-04,not stated,HTML page,curriculos/2011/fontes/ementario/disciplinas/161282.html,2b96f9e30529967d028c7d4253b5cb5dee49d2ee466b1b2840a57ce71b162076,2011 established only for Resolution/PPC; portal capture current,department and ementa-field status for MN129,preserved,HTML captured unchanged; session identifiers removed by capture URL canonicalization.,,,single-origin,"{""accessed_at"": ""2026-09-04"", ""document_date"": ""not stated"", ""document_type"": ""HTML page"", ""id"": ""2011-ementario-mn129"", ""institution"": ""UFPR"", ""local_path"": ""curriculos/2011/fontes/ementario/disciplinas/161282.html"", ""notes"": ""HTML captured unchanged; session identifiers removed by capture URL canonicalization."", ""purpose"": ""department and ementa-field status for MN129"", ""sha256"": ""2b96f9e30529967d028c7d4253b5cb5dee49d2ee466b1b2840a57ce71b162076"", ""source_url"": ""https://ementario.ufpr.br/ementario/disciplina.action?d=161282"", ""status"": ""preserved"", ""title"": ""Ementário component record — MN129"", ""version_or_validity"": ""2011 established only for Resolution/PPC; portal capture current""}"
curriculos/2011/fontes/manifesto.csv,42,2011-ementario-ci262,curriculos/2011/fontes/ementario/disciplinas/161283.html,Ementário component record — CI262,UFPR,https://ementario.ufpr.br/ementario/disciplina.action?d=161283,2026-09-04,not stated,HTML page,curriculos/2011/fontes/ementario/disciplinas/161283.html,5188601fed48462b87d572555496b50c790391d55423c046a3429c4913a77c2f,2011 established only for Resolution/PPC; portal capture current,department and ementa-field status for CI262,preserved,HTML captured unchanged; session identifiers removed by capture URL canonicalization.,,,single-origin,"{""accessed_at"": ""2026-09-04"", ""document_date"": ""not stated"", ""document_type"": ""HTML page"", ""id"": ""2011-ementario-ci262"", ""institution"": ""UFPR"", ""local_path"": ""curriculos/2011/fontes/ementario/disciplinas/161283.html"", ""notes"": ""HTML captured unchanged; session identifiers removed by capture URL canonicalization."", ""purpose"": ""department and ementa-field status for CI262"", ""sha256"": ""5188601fed48462b87d572555496b50c790391d55423c046a3429c4913a77c2f"", ""source_url"": ""https://ementario.ufpr.br/ementario/disciplina.action?d=161283"", ""status"": ""preserved"", ""title"": ""Ementário component record — CI262"", ""version_or_validity"": ""2011 established only for Resolution/PPC; portal capture current""}"
curriculos/2011/fichas/manifesto.csv,2,CI241-f1-2025-multi-course,curriculos/2011/fichas/ficha-1-indeterminada/CI241-ficha-1-2025-3-periodo.pdf,,,https://bio.ufpr.br/biomedicina/wp-content/uploads/sites/4/2025/07/3%C2%B0-PERIODO.pdf,,2025-05-14,Ficha 1,curriculos/2011/fichas/ficha-1-indeterminada/CI241-ficha-1-2025-3-periodo.pdf,dc041f81505ba3610f7bed682763df3b0166cd7fc1caa5834325dea26532b8df,indeterminate: 2025 signature does not establish 2011 use,,preserved_indeterminate,Multi-course PDF; CI241 appears as a separate Ficha 1 section. No Ficha 2 located.,,,single-origin,"{""applicability"": ""indeterminate: 2025 signature does not establish 2011 use"", ""code"": ""CI241"", ""document_date"": ""2025-05-14"", ""document_type"": ""Ficha 1"", ""local_path"": ""curriculos/2011/fichas/ficha-1-indeterminada/CI241-ficha-1-2025-3-periodo.pdf"", ""notes"": ""Multi-course PDF; CI241 appears as a separate Ficha 1 section. No Ficha 2 located."", ""record_id"": ""CI241-f1-2025-multi-course"", ""sha256"": ""dc041f81505ba3610f7bed682763df3b0166cd7fc1caa5834325dea26532b8df"", ""source_url"": ""https://bio.ufpr.br/biomedicina/wp-content/uploads/sites/4/2025/07/3%C2%B0-PERIODO.pdf"", ""status"": ""preserved_indeterminate"", ""term_class"": ""not stated""}"
curriculos/2023/fontes/manifesto.csv,2,2023-R75,curriculos/2023/fontes/resolucao-75-22-cepe.pdf,Resolução nº 75/22-CEPE,UFPR CEPE,https://ibm.inf.ufpr.br/media/Resolucao-75-22-CEPE.pdf,2026-09-03,2022-12-02,Resolução,curriculos/2023/fontes/resolucao-75-22-cepe.pdf,b003d94ffe7a5d91b4f352c6531186cbf2e1ce3a3ee2acc5e1267ad572826d1d,ingressantes 2022/2023,matriz eletivas dependências e regras,preservado,original PDF,curriculos/2023/fontes/resolucao-75-22-cepe.pdf,source_url|status|title|version_or_validity,metadata-differences-not-adjudicated,"{""accessed_at"": ""2026-09-03"", ""document_date"": ""2022-12-02"", ""document_type"": ""Resolução"", ""id"": ""2023-R75"", ""institution"": ""UFPR CEPE"", ""local_path"": ""curriculos/2023/fontes/resolucao-75-22-cepe.pdf"", ""notes"": ""original PDF"", ""purpose"": ""matriz eletivas dependências e regras"", ""sha256"": ""b003d94ffe7a5d91b4f352c6531186cbf2e1ce3a3ee2acc5e1267ad572826d1d"", ""source_url"": ""https://ibm.inf.ufpr.br/media/Resolucao-75-22-CEPE.pdf"", ""status"": ""preservado"", ""title"": ""Resolução nº 75/22-CEPE"", ""version_or_validity"": ""ingressantes 2022/2023""}"
curriculos/2023/fontes/manifesto.csv,3,2023-PPC,curriculos/2023/fontes/ppc-2023.pdf,PPC Informática Biomédica 2023,UFPR,https://ibm.inf.ufpr.br/media/PPC-2-1.pdf,2026-09-03,2022-09-29,PPC,curriculos/2023/fontes/ppc-2023.pdf,548f86328dd3a6940fda5535374882170d083eedb729bba601638bb7f26e4de6,2023,regulamentos,preservado,original PDF,curriculos/2023/fontes/ppc-2023.pdf,source_url|status|title,metadata-differences-not-adjudicated,"{""accessed_at"": ""2026-09-03"", ""document_date"": ""2022-09-29"", ""document_type"": ""PPC"", ""id"": ""2023-PPC"", ""institution"": ""UFPR"", ""local_path"": ""curriculos/2023/fontes/ppc-2023.pdf"", ""notes"": ""original PDF"", ""purpose"": ""regulamentos"", ""sha256"": ""548f86328dd3a6940fda5535374882170d083eedb729bba601638bb7f26e4de6"", ""source_url"": ""https://ibm.inf.ufpr.br/media/PPC-2-1.pdf"", ""status"": ""preservado"", ""title"": ""PPC Informática Biomédica 2023"", ""version_or_validity"": ""2023""}"
curriculos/2023/fontes/manifesto.csv,4,2023-R76,curriculos/2023/fontes/resolucao-76-22-cepe.pdf,Resolução nº 76/22-CEPE,UFPR CEPE,https://soc.ufpr.br/wp-content/uploads/2022/12/Resolução-76-22-CEPE.pdf,2026-09-03,2022-12-02,Resolução,curriculos/2023/fontes/resolucao-76-22-cepe.pdf,e3524cf27bd8e6440c018c19c5881daf73f73fa2bb6a24e88148afd2796ed820,ingressantes 2022/2023,BQ083 BQ112 creation,preservado,original PDF,,,single-origin,"{""accessed_at"": ""2026-09-03"", ""document_date"": ""2022-12-02"", ""document_type"": ""Resolução"", ""id"": ""2023-R76"", ""institution"": ""UFPR CEPE"", ""local_path"": ""curriculos/2023/fontes/resolucao-76-22-cepe.pdf"", ""notes"": ""original PDF"", ""purpose"": ""BQ083 BQ112 creation"", ""sha256"": ""e3524cf27bd8e6440c018c19c5881daf73f73fa2bb6a24e88148afd2796ed820"", ""source_url"": ""https://soc.ufpr.br/wp-content/uploads/2022/12/Resolução-76-22-CEPE.pdf"", ""status"": ""preservado"", ""title"": ""Resolução nº 76/22-CEPE"", ""version_or_validity"": ""ingressantes 2022/2023""}"
curriculos/2023/fontes/manifesto.csv,5,2023-R77,curriculos/2023/fontes/resolucao-77-22-cepe.pdf,Resolução nº 77/22-CEPE,UFPR CEPE,https://soc.ufpr.br/wp-content/uploads/2022/12/Resolução-77-22-CEPE.pdf,2026-09-03,2022-12-02,Resolução,curriculos/2023/fontes/resolucao-77-22-cepe.pdf,f68fcfb012ea216a3cf8444d93d47d13cf5b65882cabcf236048349cf348bc07,ingressantes 2022/2023,MN162 MN163 creation,preservado,original PDF,,,single-origin,"{""accessed_at"": ""2026-09-03"", ""document_date"": ""2022-12-02"", ""document_type"": ""Resolução"", ""id"": ""2023-R77"", ""institution"": ""UFPR CEPE"", ""local_path"": ""curriculos/2023/fontes/resolucao-77-22-cepe.pdf"", ""notes"": ""original PDF"", ""purpose"": ""MN162 MN163 creation"", ""sha256"": ""f68fcfb012ea216a3cf8444d93d47d13cf5b65882cabcf236048349cf348bc07"", ""source_url"": ""https://soc.ufpr.br/wp-content/uploads/2022/12/Resolução-77-22-CEPE.pdf"", ""status"": ""preservado"", ""title"": ""Resolução nº 77/22-CEPE"", ""version_or_validity"": ""ingressantes 2022/2023""}"
curriculos/2023/fontes/manifesto.csv,6,2023-R78,curriculos/2023/fontes/resolucao-78-22-cepe.pdf,Resolução nº 78/22-CEPE,UFPR CEPE,https://soc.ufpr.br/wp-content/uploads/2022/12/Resolução-78-22-CEPE.pdf,2026-09-03,2022-12-02,Resolução,curriculos/2023/fontes/resolucao-78-22-cepe.pdf,9469d5d32629d024cef7ce56139fc4fda3d626027d7441c184e6880d4add6543,ingressantes 2022/2023,BF114 creation,preservado,original PDF,,,single-origin,"{""accessed_at"": ""2026-09-03"", ""document_date"": ""2022-12-02"", ""document_type"": ""Resolução"", ""id"": ""2023-R78"", ""institution"": ""UFPR CEPE"", ""local_path"": ""curriculos/2023/fontes/resolucao-78-22-cepe.pdf"", ""notes"": ""original PDF"", ""purpose"": ""BF114 creation"", ""sha256"": ""9469d5d32629d024cef7ce56139fc4fda3d626027d7441c184e6880d4add6543"", ""source_url"": ""https://soc.ufpr.br/wp-content/uploads/2022/12/Resolução-78-22-CEPE.pdf"", ""status"": ""preservado"", ""title"": ""Resolução nº 78/22-CEPE"", ""version_or_validity"": ""ingressantes 2022/2023""}"
curriculos/2023/fontes/manifesto.csv,7,2023-R79,curriculos/2023/fontes/resolucao-79-22-cepe.pdf,Resolução nº 79/22-CEPE,UFPR CEPE,https://soc.ufpr.br/wp-content/uploads/2022/12/Resolução-79-22-CEPE.pdf,2026-09-03,2022-12-02,Resolução,curriculos/2023/fontes/resolucao-79-22-cepe.pdf,d0690f2ae20bce17c3e609c88eea3389c22681e5c83beb5c6d36cb770b5044db,ingressantes 2022/2023,BG079 creation,preservado,original PDF,,,single-origin,"{""accessed_at"": ""2026-09-03"", ""document_date"": ""2022-12-02"", ""document_type"": ""Resolução"", ""id"": ""2023-R79"", ""institution"": ""UFPR CEPE"", ""local_path"": ""curriculos/2023/fontes/resolucao-79-22-cepe.pdf"", ""notes"": ""original PDF"", ""purpose"": ""BG079 creation"", ""sha256"": ""d0690f2ae20bce17c3e609c88eea3389c22681e5c83beb5c6d36cb770b5044db"", ""source_url"": ""https://soc.ufpr.br/wp-content/uploads/2022/12/Resolução-79-22-CEPE.pdf"", ""status"": ""preservado"", ""title"": ""Resolução nº 79/22-CEPE"", ""version_or_validity"": ""ingressantes 2022/2023""}"
curriculos/2023/fontes/manifesto.csv,8,2023-R80,curriculos/2023/fontes/resolucao-80-22-cepe.pdf,Resolução nº 80/22-CEPE,UFPR CEPE,https://soc.ufpr.br/wp-content/uploads/2022/12/Resolução-80-22-CEPE.pdf,2026-09-03,2022-12-02,Resolução,curriculos/2023/fontes/resolucao-80-22-cepe.pdf,341692b01d0570e2b642aaab758e3c932e1d8ea37668d97afadab0ece2503d73,ingressantes 2022/2023,created DInf components,preservado,actual stored-byte hash differs from older README transcription,,,single-origin,"{""accessed_at"": ""2026-09-03"", ""document_date"": ""2022-12-02"", ""document_type"": ""Resolução"", ""id"": ""2023-R80"", ""institution"": ""UFPR CEPE"", ""local_path"": ""curriculos/2023/fontes/resolucao-80-22-cepe.pdf"", ""notes"": ""actual stored-byte hash differs from older README transcription"", ""purpose"": ""created DInf components"", ""sha256"": ""341692b01d0570e2b642aaab758e3c932e1d8ea37668d97afadab0ece2503d73"", ""source_url"": ""https://soc.ufpr.br/wp-content/uploads/2022/12/Resolução-80-22-CEPE.pdf"", ""status"": ""preservado"", ""title"": ""Resolução nº 80/22-CEPE"", ""version_or_validity"": ""ingressantes 2022/2023""}"
curriculos/2023/fontes/manifesto.csv,9,2023-DINF,curriculos/2023/fontes/pagina-dinf-disciplinas.html,Disciplinas do Departamento de Informática,UFPR DInf,https://web.inf.ufpr.br/dinf/?page_id=232,2026-09-04,data não identificada,HTML page,curriculos/2023/fontes/pagina-dinf-disciplinas.html,aef453c94119c3ff934d98da0deb83d1ba85f8b27711bbaa5a36d9f79d2fbb4a,página atual,proveniência das Fichas DInf,preservado,captura HTML,curriculos/2023/fontes/pagina-dinf-disciplinas.html,status|title|version_or_validity,metadata-differences-not-adjudicated,"{""accessed_at"": ""2026-09-04"", ""document_date"": ""data não identificada"", ""document_type"": ""HTML page"", ""id"": ""2023-DINF"", ""institution"": ""UFPR DInf"", ""local_path"": ""curriculos/2023/fontes/pagina-dinf-disciplinas.html"", ""notes"": ""captura HTML"", ""purpose"": ""proveniência das Fichas DInf"", ""sha256"": ""aef453c94119c3ff934d98da0deb83d1ba85f8b27711bbaa5a36d9f79d2fbb4a"", ""source_url"": ""https://web.inf.ufpr.br/dinf/?page_id=232"", ""status"": ""preservado"", ""title"": ""Disciplinas do Departamento de Informática"", ""version_or_validity"": ""página atual""}"
curriculos/2023/fontes/manifesto.csv,10,2023-GRADE,curriculos/2023/fontes/pagina-grade-2023.html,Currículo 2023,UFPR Informática Biomédica,https://site-ibm-bbec98.pages.c3sl.ufpr.br/curso/curriculo-2023/,2026-09-03,data não identificada,HTML page,curriculos/2023/fontes/pagina-grade-2023.html,2329616dda04ab55c7468114c8d04a83cfb4e2b3ed450f6bc870421f0ae4c44f,página atual,controle institucional da vigência,preservado,captura HTML,,,single-origin,"{""accessed_at"": ""2026-09-03"", ""document_date"": ""data não identificada"", ""document_type"": ""HTML page"", ""id"": ""2023-GRADE"", ""institution"": ""UFPR Informática Biomédica"", ""local_path"": ""curriculos/2023/fontes/pagina-grade-2023.html"", ""notes"": ""captura HTML"", ""purpose"": ""controle institucional da vigência"", ""sha256"": ""2329616dda04ab55c7468114c8d04a83cfb4e2b3ed450f6bc870421f0ae4c44f"", ""source_url"": ""https://site-ibm-bbec98.pages.c3sl.ufpr.br/curso/curriculo-2023/"", ""status"": ""preservado"", ""title"": ""Currículo 2023"", ""version_or_validity"": ""página atual""}"
curriculos/2023/fontes/manifesto.csv,11,2023-NORMAS,curriculos/2023/fontes/pagina-normas-e-procedimentos.html,Normas e Procedimentos,UFPR Informática Biomédica,https://ibm.inf.ufpr.br/curso/normas-e-procedimentos/,2026-09-03,data não identificada,HTML page,curriculos/2023/fontes/pagina-normas-e-procedimentos.html,635dd92079325eba53df86d026458db527fa85290465faa67720959dc265acfd,atual,controle de referências regulamentares,preservado,captura HTML,,,single-origin,"{""accessed_at"": ""2026-09-03"", ""document_date"": ""data não identificada"", ""document_type"": ""HTML page"", ""id"": ""2023-NORMAS"", ""institution"": ""UFPR Informática Biomédica"", ""local_path"": ""curriculos/2023/fontes/pagina-normas-e-procedimentos.html"", ""notes"": ""captura HTML"", ""purpose"": ""controle de referências regulamentares"", ""sha256"": ""635dd92079325eba53df86d026458db527fa85290465faa67720959dc265acfd"", ""source_url"": ""https://ibm.inf.ufpr.br/curso/normas-e-procedimentos/"", ""status"": ""preservado"", ""title"": ""Normas e Procedimentos"", ""version_or_validity"": ""atual""}"
curriculos/2023/fontes/manifesto.csv,12,2023-GRADE-SEMESTRAL,curriculos/2023/fontes/pagina-grade-semestral.html,Grade Semestral 2025/2,UFPR Informática Biomédica,https://site-ibm-bbec98.pages.c3sl.ufpr.br/grade/grade-semestral/,2026-09-03,2025/2,HTML page,curriculos/2023/fontes/pagina-grade-semestral.html,c7d880b2681abc959237526ecdb941c47c5207360f3d6883246497fe933f144c,2025/2,registro de página de horários; não é Ementário,preservado,captura HTML mantida com proveniência corrigida; não sustenta alegação sobre currículo de 3000h,,,single-origin,"{""accessed_at"": ""2026-09-03"", ""document_date"": ""2025/2"", ""document_type"": ""HTML page"", ""id"": ""2023-GRADE-SEMESTRAL"", ""institution"": ""UFPR Informática Biomédica"", ""local_path"": ""curriculos/2023/fontes/pagina-grade-semestral.html"", ""notes"": ""captura HTML mantida com proveniência corrigida; não sustenta alegação sobre currículo de 3000h"", ""purpose"": ""registro de página de horários; não é Ementário"", ""sha256"": ""c7d880b2681abc959237526ecdb941c47c5207360f3d6883246497fe933f144c"", ""source_url"": ""https://site-ibm-bbec98.pages.c3sl.ufpr.br/grade/grade-semestral/"", ""status"": ""preservado"", ""title"": ""Grade Semestral 2025/2"", ""version_or_validity"": ""2025/2""}"
curriculos/2023/fontes/manifesto.csv,13,2023-EMENTARIO,curriculos/2023/fontes/pagina-ementario-curriculo-96a-2026-09-04.html,Portal do Ementário currículo 96A,UFPR,https://ementario.ufpr.br/ementario/curriculo.action?v=1225,2026-09-04,Informática Biomédica - 2011 - Corrente,HTML page,curriculos/2023/fontes/pagina-ementario-curriculo-96a-2026-09-04.html,12e638f4992bbc2da3da549d0b12d22a733e906d3d2d611dfb4d9dab79ec1501,representação portal 2011 corrente,registro da divergência portal 3000h,preservado,captura HTML original; o portal mostra 3000 horas e não é usado como matriz 2023,,,single-origin,"{""accessed_at"": ""2026-09-04"", ""document_date"": ""Informática Biomédica - 2011 - Corrente"", ""document_type"": ""HTML page"", ""id"": ""2023-EMENTARIO"", ""institution"": ""UFPR"", ""local_path"": ""curriculos/2023/fontes/pagina-ementario-curriculo-96a-2026-09-04.html"", ""notes"": ""captura HTML original; o portal mostra 3000 horas e não é usado como matriz 2023"", ""purpose"": ""registro da divergência portal 3000h"", ""sha256"": ""12e638f4992bbc2da3da549d0b12d22a733e906d3d2d611dfb4d9dab79ec1501"", ""source_url"": ""https://ementario.ufpr.br/ementario/curriculo.action?v=1225"", ""status"": ""preservado"", ""title"": ""Portal do Ementário currículo 96A"", ""version_or_validity"": ""representação portal 2011 corrente""}"
curriculos/2023/fichas/manifesto-dinf.csv,2,CI1003,curriculos/2023/fichas/dinf/CI1003/ficha-1.pdf,Introdução à Ciência da Computação,,https://web.inf.ufpr.br/dinf/wp-content/uploads/sites/2/2020/06/CI1003-Introdu%C3%A7%C3%A3o-%C3%A0-Ci%C3%AAncia-da-Computa%C3%A7%C3%A3o.pdf,,,ficha-1,curriculos/2023/fichas/dinf/CI1003/ficha-1.pdf,50a65e1bfe4986f1e5ba39d9a36e1bec0ce8caf6c860df37ff5cfa99e748e91d,,,downloaded,,,,single-origin,"{""bytes"": ""80916"", ""code"": ""CI1003"", ""index_label"": ""Introdução à Ciência da Computação"", ""kind_in_index"": ""ficha-1"", ""local_path"": ""curriculos/2023/fichas/dinf/CI1003/ficha-1.pdf"", ""sha256"": ""50a65e1bfe4986f1e5ba39d9a36e1bec0ce8caf6c860df37ff5cfa99e748e91d"", ""source_url"": ""https://web.inf.ufpr.br/dinf/wp-content/uploads/sites/2/2020/06/CI1003-Introdu%C3%A7%C3%A3o-%C3%A0-Ci%C3%AAncia-da-Computa%C3%A7%C3%A3o.pdf"", ""status"": ""downloaded""}"
curriculos/2023/fichas/manifesto-dinf.csv,3,CI1055,curriculos/2023/fichas/dinf/CI1055/ficha-1.pdf,Ficha 1,,https://web.inf.ufpr.br/dinf/wp-content/uploads/sites/2/2020/05/CI1055-Algoritmos-e-Estruturas-de-Dados-1.pdf,,,ficha-1,curriculos/2023/fichas/dinf/CI1055/ficha-1.pdf,2b08392604d4cfb41fbebef1d32ceb41372a8b7491fded4e593356735fcb5cca,,,downloaded,,,,single-origin,"{""bytes"": ""106140"", ""code"": ""CI1055"", ""index_label"": ""Ficha 1"", ""kind_in_index"": ""ficha-1"", ""local_path"": ""curriculos/2023/fichas/dinf/CI1055/ficha-1.pdf"", ""sha256"": ""2b08392604d4cfb41fbebef1d32ceb41372a8b7491fded4e593356735fcb5cca"", ""source_url"": ""https://web.inf.ufpr.br/dinf/wp-content/uploads/sites/2/2020/05/CI1055-Algoritmos-e-Estruturas-de-Dados-1.pdf"", ""status"": ""downloaded""}"
curriculos/2023/fichas/manifesto-dinf.csv,4,CI1055,curriculos/2023/fichas/dinf/CI1055/ficha-2.pdf,Ficha 2,,https://web.inf.ufpr.br/dinf/wp-content/uploads/sites/2/2020/05/2CI1055-Algoritmos-e-Estruturas-de-Dados-1.pdf,,,ficha-2,curriculos/2023/fichas/dinf/CI1055/ficha-2.pdf,42f73a148ef1a696f4e0b6fbb3c30c7f8138b0f6a2cad7adaa5ca5e60cd1274b,,,downloaded,,,,single-origin,"{""bytes"": ""110378"", ""code"": ""CI1055"", ""index_label"": ""Ficha 2"", ""kind_in_index"": ""ficha-2"", ""local_path"": ""curriculos/2023/fichas/dinf/CI1055/ficha-2.pdf"", ""sha256"": ""42f73a148ef1a696f4e0b6fbb3c30c7f8138b0f6a2cad7adaa5ca5e60cd1274b"", ""source_url"": ""https://web.inf.ufpr.br/dinf/wp-content/uploads/sites/2/2020/05/2CI1055-Algoritmos-e-Estruturas-de-Dados-1.pdf"", ""status"": ""downloaded""}"
curriculos/2023/fichas/manifesto-dinf.csv,5,CI1068,curriculos/2023/fichas/dinf/CI1068/ficha-1.pdf,Ficha 1,,https://web.inf.ufpr.br/dinf/wp-content/uploads/sites/2/2020/05/CI1068-Circuitos-Digitais.pdf,,,ficha-1,curriculos/2023/fichas/dinf/CI1068/ficha-1.pdf,084b876afffa82653a57836954458667f8ec07831db55f5d752749c4392ab8f6,,,downloaded,,,,single-origin,"{""bytes"": ""106180"", ""code"": ""CI1068"", ""index_label"": ""Ficha 1"", ""kind_in_index"": ""ficha-1"", ""local_path"": ""curriculos/2023/fichas/dinf/CI1068/ficha-1.pdf"", ""sha256"": ""084b876afffa82653a57836954458667f8ec07831db55f5d752749c4392ab8f6"", ""source_url"": ""https://web.inf.ufpr.br/dinf/wp-content/uploads/sites/2/2020/05/CI1068-Circuitos-Digitais.pdf"", ""status"": ""downloaded""}"
curriculos/2023/fichas/manifesto-dinf.csv,6,CI1068,curriculos/2023/fichas/dinf/CI1068/ficha-2.pdf,Ficha 2,,https://web.inf.ufpr.br/dinf/wp-content/uploads/sites/2/2020/05/2CI1068-Circuitos-Digitais.pdf,,,ficha-2,curriculos/2023/fichas/dinf/CI1068/ficha-2.pdf,6e058bd05aa110655c29802e29dc4251c719a070b6a05dcca10d35317b4dbb5c,,,downloaded,,,,single-origin,"{""bytes"": ""105867"", ""code"": ""CI1068"", ""index_label"": ""Ficha 2"", ""kind_in_index"": ""ficha-2"", ""local_path"": ""curriculos/2023/fichas/dinf/CI1068/ficha-2.pdf"", ""sha256"": ""6e058bd05aa110655c29802e29dc4251c719a070b6a05dcca10d35317b4dbb5c"", ""source_url"": ""https://web.inf.ufpr.br/dinf/wp-content/uploads/sites/2/2020/05/2CI1068-Circuitos-Digitais.pdf"", ""status"": ""downloaded""}"
curriculos/2023/fichas/manifesto-dinf.csv,7,CI1001,curriculos/2023/fichas/dinf/CI1001/ficha-1.pdf,Ficha 1,,https://web.inf.ufpr.br/dinf/wp-content/uploads/sites/2/2020/05/CI1001-Programa%C3%A7%C3%A3o-1.pdf,,,ficha-1,curriculos/2023/fichas/dinf/CI1001/ficha-1.pdf,de98f9b0340f8243d9f8f1f8eb9f0ef76a63ced54fd2088f915709281fa4dbb8,,,downloaded,,,,single-origin,"{""bytes"": ""107164"", ""code"": ""CI1001"", ""index_label"": ""Ficha 1"", ""kind_in_index"": ""ficha-1"", ""local_path"": ""curriculos/2023/fichas/dinf/CI1001/ficha-1.pdf"", ""sha256"": ""de98f9b0340f8243d9f8f1f8eb9f0ef76a63ced54fd2088f915709281fa4dbb8"", ""source_url"": ""https://web.inf.ufpr.br/dinf/wp-content/uploads/sites/2/2020/05/CI1001-Programa%C3%A7%C3%A3o-1.pdf"", ""status"": ""downloaded""}"
curriculos/2023/fichas/manifesto-dinf.csv,8,CI1001,curriculos/2023/fichas/dinf/CI1001/ficha-2.pdf,Ficha 2,,https://web.inf.ufpr.br/dinf/wp-content/uploads/sites/2/2020/05/2CI1001-Programa%C3%A7%C3%A3o-1.pdf,,,ficha-2,curriculos/2023/fichas/dinf/CI1001/ficha-2.pdf,84c915a688a91dbd12a2dc5b02880a9e527794e8fdbf93593a6c020fd46253ab,,,downloaded,,,,single-origin,"{""bytes"": ""109728"", ""code"": ""CI1001"", ""index_label"": ""Ficha 2"", ""kind_in_index"": ""ficha-2"", ""local_path"": ""curriculos/2023/fichas/dinf/CI1001/ficha-2.pdf"", ""sha256"": ""84c915a688a91dbd12a2dc5b02880a9e527794e8fdbf93593a6c020fd46253ab"", ""source_url"": ""https://web.inf.ufpr.br/dinf/wp-content/uploads/sites/2/2020/05/2CI1001-Programa%C3%A7%C3%A3o-1.pdf"", ""status"": ""downloaded""}"
curriculos/2023/fichas/manifesto-dinf.csv,9,CI1056,curriculos/2023/fichas/dinf/CI1056/ficha-1.pdf,Ficha 1,,https://web.inf.ufpr.br/dinf/wp-content/uploads/sites/2/2020/05/CI1056-Algoritmos-e-Estrutura-de-Dados-2.pdf,,,ficha-1,curriculos/2023/fichas/dinf/CI1056/ficha-1.pdf,20bc2234d68d3c913eb61f9a3bb09d4f90ee22beae707b94ff04d9c20f943899,,,downloaded,,,,single-origin,"{""bytes"": ""105117"", ""code"": ""CI1056"", ""index_label"": ""Ficha 1"", ""kind_in_index"": ""ficha-1"", ""local_path"": ""curriculos/2023/fichas/dinf/CI1056/ficha-1.pdf"", ""sha256"": ""20bc2234d68d3c913eb61f9a3bb09d4f90ee22beae707b94ff04d9c20f943899"", ""source_url"": ""https://web.inf.ufpr.br/dinf/wp-content/uploads/sites/2/2020/05/CI1056-Algoritmos-e-Estrutura-de-Dados-2.pdf"", ""status"": ""downloaded""}"
curriculos/2023/fichas/manifesto-dinf.csv,10,CI1056,curriculos/2023/fichas/dinf/CI1056/ficha-2.pdf,Ficha 2,,https://web.inf.ufpr.br/dinf/wp-content/uploads/sites/2/2020/05/2CI1056-Algoritmos-e-Estrutura-de-Dados-2.pdf,,,ficha-2,curriculos/2023/fichas/dinf/CI1056/ficha-2.pdf,2ab19eb5b0ad0a97f2969fee48d20d1e3b7ca4d96c4ec84d54e0984349f6fb74,,,downloaded,,,,single-origin,"{""bytes"": ""106487"", ""code"": ""CI1056"", ""index_label"": ""Ficha 2"", ""kind_in_index"": ""ficha-2"", ""local_path"": ""curriculos/2023/fichas/dinf/CI1056/ficha-2.pdf"", ""sha256"": ""2ab19eb5b0ad0a97f2969fee48d20d1e3b7ca4d96c4ec84d54e0984349f6fb74"", ""source_url"": ""https://web.inf.ufpr.br/dinf/wp-content/uploads/sites/2/2020/05/2CI1056-Algoritmos-e-Estrutura-de-Dados-2.pdf"", ""status"": ""downloaded""}"
curriculos/2023/fichas/manifesto-dinf.csv,11,CI1002,curriculos/2023/fichas/dinf/CI1002/ficha-1.pdf,Ficha 1,,https://web.inf.ufpr.br/dinf/wp-content/uploads/sites/2/2020/05/CI1002-Programa%C3%A7%C3%A3o-2.pdf,,,ficha-1,curriculos/2023/fichas/dinf/CI1002/ficha-1.pdf,166c5dcb4b46c9a999308d4907559c3bd4697f79315800de887b660abe80412a,,,downloaded,,,,single-origin,"{""bytes"": ""107160"", ""code"": ""CI1002"", ""index_label"": ""Ficha 1"", ""kind_in_index"": ""ficha-1"", ""local_path"": ""curriculos/2023/fichas/dinf/CI1002/ficha-1.pdf"", ""sha256"": ""166c5dcb4b46c9a999308d4907559c3bd4697f79315800de887b660abe80412a"", ""source_url"": ""https://web.inf.ufpr.br/dinf/wp-content/uploads/sites/2/2020/05/CI1002-Programa%C3%A7%C3%A3o-2.pdf"", ""status"": ""downloaded""}"
curriculos/2023/fichas/manifesto-dinf.csv,12,CI1002,curriculos/2023/fichas/dinf/CI1002/ficha-2.pdf,Ficha 2,,https://web.inf.ufpr.br/dinf/wp-content/uploads/sites/2/2020/05/2CI1002-Programa%C3%A7%C3%A3o-2.pdf,,,ficha-2,curriculos/2023/fichas/dinf/CI1002/ficha-2.pdf,38fa483c190948cb22650b4be7b2fad869c1d4873246ef20ec64b63b167762b6,,,downloaded,,,,single-origin,"{""bytes"": ""106613"", ""code"": ""CI1002"", ""index_label"": ""Ficha 2"", ""kind_in_index"": ""ficha-2"", ""local_path"": ""curriculos/2023/fichas/dinf/CI1002/ficha-2.pdf"", ""sha256"": ""38fa483c190948cb22650b4be7b2fad869c1d4873246ef20ec64b63b167762b6"", ""source_url"": ""https://web.inf.ufpr.br/dinf/wp-content/uploads/sites/2/2020/05/2CI1002-Programa%C3%A7%C3%A3o-2.pdf"", ""status"": ""downloaded""}"
curriculos/2023/fichas/manifesto-dinf.csv,13,CI1057,curriculos/2023/fichas/dinf/CI1057/ficha-1.pdf,Ficha 1,,https://web.inf.ufpr.br/dinf/wp-content/uploads/sites/2/2020/05/CI1057-Algoritmos-e-estruturas-de-dados-3.pdf,,,ficha-1,curriculos/2023/fichas/dinf/CI1057/ficha-1.pdf,c320e876f8476b9e3886e333b0504fdfea46f2bff3c5c00044d7232a75736dd5,,,downloaded,,,,single-origin,"{""bytes"": ""107079"", ""code"": ""CI1057"", ""index_label"": ""Ficha 1"", ""kind_in_index"": ""ficha-1"", ""local_path"": ""curriculos/2023/fichas/dinf/CI1057/ficha-1.pdf"", ""sha256"": ""c320e876f8476b9e3886e333b0504fdfea46f2bff3c5c00044d7232a75736dd5"", ""source_url"": ""https://web.inf.ufpr.br/dinf/wp-content/uploads/sites/2/2020/05/CI1057-Algoritmos-e-estruturas-de-dados-3.pdf"", ""status"": ""downloaded""}"
curriculos/2023/fichas/manifesto-dinf.csv,14,CI1057,curriculos/2023/fichas/dinf/CI1057/ficha-2.pdf,Ficha 2,,https://web.inf.ufpr.br/dinf/wp-content/uploads/sites/2/2020/05/2CI1057-Algoritmos-e-estruturas-de-dados-3.pdf,,,ficha-2,curriculos/2023/fichas/dinf/CI1057/ficha-2.pdf,b88ea7b59c1f1f2fa07ab99bf88d135a0d8f4cdb7493091dea2c7e40b3ea478b,,,downloaded,,,,single-origin,"{""bytes"": ""105161"", ""code"": ""CI1057"", ""index_label"": ""Ficha 2"", ""kind_in_index"": ""ficha-2"", ""local_path"": ""curriculos/2023/fichas/dinf/CI1057/ficha-2.pdf"", ""sha256"": ""b88ea7b59c1f1f2fa07ab99bf88d135a0d8f4cdb7493091dea2c7e40b3ea478b"", ""source_url"": ""https://web.inf.ufpr.br/dinf/wp-content/uploads/sites/2/2020/05/2CI1057-Algoritmos-e-estruturas-de-dados-3.pdf"", ""status"": ""downloaded""}"
curriculos/2023/fichas/manifesto-dinf.csv,15,CI1212,curriculos/2023/fichas/dinf/CI1212/ficha-1.pdf,Ficha 1,,https://web.inf.ufpr.br/dinf/wp-content/uploads/sites/2/2020/05/CI1212-Arquitetura-de-Computadores.pdf,,,ficha-1,curriculos/2023/fichas/dinf/CI1212/ficha-1.pdf,cca92429315225a76dfb47799ffe906036bbe191118491dfa8105b1d97fc59d1,,,downloaded,,,,single-origin,"{""bytes"": ""105004"", ""code"": ""CI1212"", ""index_label"": ""Ficha 1"", ""kind_in_index"": ""ficha-1"", ""local_path"": ""curriculos/2023/fichas/dinf/CI1212/ficha-1.pdf"", ""sha256"": ""cca92429315225a76dfb47799ffe906036bbe191118491dfa8105b1d97fc59d1"", ""source_url"": ""https://web.inf.ufpr.br/dinf/wp-content/uploads/sites/2/2020/05/CI1212-Arquitetura-de-Computadores.pdf"", ""status"": ""downloaded""}"
curriculos/2023/fichas/manifesto-dinf.csv,16,CI1212,curriculos/2023/fichas/dinf/CI1212/ficha-2.pdf,Ficha 2,,https://web.inf.ufpr.br/dinf/wp-content/uploads/sites/2/2020/05/2CI1212-Arquitetura-de-Computadores.pdf,,,ficha-2,curriculos/2023/fichas/dinf/CI1212/ficha-2.pdf,1dafc6d8ddd012ef17e9e6e6dba63e8a881740d7d8946f8809b4e8f1d5eb4098,,,downloaded,,,,single-origin,"{""bytes"": ""105222"", ""code"": ""CI1212"", ""index_label"": ""Ficha 2"", ""kind_in_index"": ""ficha-2"", ""local_path"": ""curriculos/2023/fichas/dinf/CI1212/ficha-2.pdf"", ""sha256"": ""1dafc6d8ddd012ef17e9e6e6dba63e8a881740d7d8946f8809b4e8f1d5eb4098"", ""source_url"": ""https://web.inf.ufpr.br/dinf/wp-content/uploads/sites/2/2020/05/2CI1212-Arquitetura-de-Computadores.pdf"", ""status"": ""downloaded""}"
curriculos/2023/fichas/manifesto-dinf.csv,17,CI1062,curriculos/2023/fichas/dinf/CI1062/ficha-1.pdf,Ficha 1,,https://web.inf.ufpr.br/dinf/wp-content/uploads/sites/2/2020/05/CI1062-Paradigmas-de-Programa%C3%A7%C3%A3o.pdf,,,ficha-1,curriculos/2023/fichas/dinf/CI1062/ficha-1.pdf,b2cd36af20053f8350e540438b4c4b2a3858a0aa3d0433b12fe0743a463201da,,,downloaded,,,,single-origin,"{""bytes"": ""105286"", ""code"": ""CI1062"", ""index_label"": ""Ficha 1"", ""kind_in_index"": ""ficha-1"", ""local_path"": ""curriculos/2023/fichas/dinf/CI1062/ficha-1.pdf"", ""sha256"": ""b2cd36af20053f8350e540438b4c4b2a3858a0aa3d0433b12fe0743a463201da"", ""source_url"": ""https://web.inf.ufpr.br/dinf/wp-content/uploads/sites/2/2020/05/CI1062-Paradigmas-de-Programa%C3%A7%C3%A3o.pdf"", ""status"": ""downloaded""}"
curriculos/2023/fichas/manifesto-dinf.csv,18,CI1062,curriculos/2023/fichas/dinf/CI1062/ficha-2.pdf,Ficha 2,,https://web.inf.ufpr.br/dinf/wp-content/uploads/sites/2/2020/05/2CI1062-Paradigmas-de-Programa%C3%A7%C3%A3o.pdf,,,ficha-2,curriculos/2023/fichas/dinf/CI1062/ficha-2.pdf,fe80ce8b01026d0ebbc01dbeeb16a0f60b08adcb71f09d2e9e04027718c88a1b,,,downloaded,,,,single-origin,"{""bytes"": ""105774"", ""code"": ""CI1062"", ""index_label"": ""Ficha 2"", ""kind_in_index"": ""ficha-2"", ""local_path"": ""curriculos/2023/fichas/dinf/CI1062/ficha-2.pdf"", ""sha256"": ""fe80ce8b01026d0ebbc01dbeeb16a0f60b08adcb71f09d2e9e04027718c88a1b"", ""source_url"": ""https://web.inf.ufpr.br/dinf/wp-content/uploads/sites/2/2020/05/2CI1062-Paradigmas-de-Programa%C3%A7%C3%A3o.pdf"", ""status"": ""downloaded""}"
curriculos/2023/fichas/manifesto-dinf.csv,19,CI1350,curriculos/2023/fichas/dinf/CI1350/ficha-1.pdf,Interação Humano-Computador,,https://web.inf.ufpr.br/dinf/wp-content/uploads/sites/2/2020/05/CI1350-Intera%C3%A7%C3%A3o-Humano-Computador.pdf,,,ficha-1,curriculos/2023/fichas/dinf/CI1350/ficha-1.pdf,dcb36c82f988408238c203f4545d1832354f3622a1ffacfddc4092a86ad188ae,,,downloaded,,,,single-origin,"{""bytes"": ""113344"", ""code"": ""CI1350"", ""index_label"": ""Interação Humano-Computador"", ""kind_in_index"": ""ficha-1"", ""local_path"": ""curriculos/2023/fichas/dinf/CI1350/ficha-1.pdf"", ""sha256"": ""dcb36c82f988408238c203f4545d1832354f3622a1ffacfddc4092a86ad188ae"", ""source_url"": ""https://web.inf.ufpr.br/dinf/wp-content/uploads/sites/2/2020/05/CI1350-Intera%C3%A7%C3%A3o-Humano-Computador.pdf"", ""status"": ""downloaded""}"
curriculos/2023/fichas/manifesto-dinf.csv,20,CI1162,curriculos/2023/fichas/dinf/CI1162/ficha-1.pdf,Engenharia de Requisitos,,https://web.inf.ufpr.br/dinf/wp-content/uploads/sites/2/2020/05/CI1162-Engenharia-de-Requisitos.pdf,,,ficha-1,curriculos/2023/fichas/dinf/CI1162/ficha-1.pdf,b2ede35e45a0fe2a2a9cac34947685b01a46d52eada56af16f2051517cccac07,,,downloaded,,,,single-origin,"{""bytes"": ""113374"", ""code"": ""CI1162"", ""index_label"": ""Engenharia de Requisitos"", ""kind_in_index"": ""ficha-1"", ""local_path"": ""curriculos/2023/fichas/dinf/CI1162/ficha-1.pdf"", ""sha256"": ""b2ede35e45a0fe2a2a9cac34947685b01a46d52eada56af16f2051517cccac07"", ""source_url"": ""https://web.inf.ufpr.br/dinf/wp-content/uploads/sites/2/2020/05/CI1162-Engenharia-de-Requisitos.pdf"", ""status"": ""downloaded""}"
curriculos/2023/fichas/manifesto-dinf.csv,21,CI1215,curriculos/2023/fichas/dinf/CI1215/ficha-1.pdf,Sistemas Operacionais,,https://web.inf.ufpr.br/dinf/wp-content/uploads/sites/2/2020/05/CI1215-Sistemas-Operacionais.pdf,,,ficha-1,curriculos/2023/fichas/dinf/CI1215/ficha-1.pdf,1de3538f19829396f8c7a99cd8af298d33afbc0b7ce2148dfafda13298f91e93,,,downloaded,,,,single-origin,"{""bytes"": ""78127"", ""code"": ""CI1215"", ""index_label"": ""Sistemas Operacionais"", ""kind_in_index"": ""ficha-1"", ""local_path"": ""curriculos/2023/fichas/dinf/CI1215/ficha-1.pdf"", ""sha256"": ""1de3538f19829396f8c7a99cd8af298d33afbc0b7ce2148dfafda13298f91e93"", ""source_url"": ""https://web.inf.ufpr.br/dinf/wp-content/uploads/sites/2/2020/05/CI1215-Sistemas-Operacionais.pdf"", ""status"": ""downloaded""}"
curriculos/2023/fichas/manifesto-dinf.csv,22,CI1163,curriculos/2023/fichas/dinf/CI1163/ficha-1.pdf,Ficha 1,,https://web.inf.ufpr.br/dinf/wp-content/uploads/sites/2/2020/05/CI1163-Design-de-Software.pdf,,,ficha-1,curriculos/2023/fichas/dinf/CI1163/ficha-1.pdf,526de17265f23645e0c5f7acb2bb797181746d1a7fb322261cc722e8aef3d482,,,downloaded,,,,single-origin,"{""bytes"": ""106807"", ""code"": ""CI1163"", ""index_label"": ""Ficha 1"", ""kind_in_index"": ""ficha-1"", ""local_path"": ""curriculos/2023/fichas/dinf/CI1163/ficha-1.pdf"", ""sha256"": ""526de17265f23645e0c5f7acb2bb797181746d1a7fb322261cc722e8aef3d482"", ""source_url"": ""https://web.inf.ufpr.br/dinf/wp-content/uploads/sites/2/2020/05/CI1163-Design-de-Software.pdf"", ""status"": ""downloaded""}"
curriculos/2023/fichas/manifesto-dinf.csv,23,CI1163,curriculos/2023/fichas/dinf/CI1163/ficha-2.pdf,Ficha 2,,https://web.inf.ufpr.br/dinf/wp-content/uploads/sites/2/2020/05/2CI1163-Design-de-Software.pdf,,,ficha-2,curriculos/2023/fichas/dinf/CI1163/ficha-2.pdf,a6ab7995bada41bcdd9682b5fe6911efde431ec27947cbcdd130118a8fe17086,,,downloaded,,,,single-origin,"{""bytes"": ""105264"", ""code"": ""CI1163"", ""index_label"": ""Ficha 2"", ""kind_in_index"": ""ficha-2"", ""local_path"": ""curriculos/2023/fichas/dinf/CI1163/ficha-2.pdf"", ""sha256"": ""a6ab7995bada41bcdd9682b5fe6911efde431ec27947cbcdd130118a8fe17086"", ""source_url"": ""https://web.inf.ufpr.br/dinf/wp-content/uploads/sites/2/2020/05/2CI1163-Design-de-Software.pdf"", ""status"": ""downloaded""}"
curriculos/2023/fichas/manifesto-dinf.csv,24,CI1171,curriculos/2023/fichas/dinf/CI1171/ficha-1.pdf,Ficha 1,,https://web.inf.ufpr.br/dinf/wp-content/uploads/sites/2/2020/05/CI1171-Aprendizado-de-M%C3%A1quina.pdf,,,ficha-1,curriculos/2023/fichas/dinf/CI1171/ficha-1.pdf,11aebfd7d749eeeeb29f9cecd5fb220b759fd874c32f74eeb08ed46f0706bd45,,,downloaded,,,,single-origin,"{""bytes"": ""105799"", ""code"": ""CI1171"", ""index_label"": ""Ficha 1"", ""kind_in_index"": ""ficha-1"", ""local_path"": ""curriculos/2023/fichas/dinf/CI1171/ficha-1.pdf"", ""sha256"": ""11aebfd7d749eeeeb29f9cecd5fb220b759fd874c32f74eeb08ed46f0706bd45"", ""source_url"": ""https://web.inf.ufpr.br/dinf/wp-content/uploads/sites/2/2020/05/CI1171-Aprendizado-de-M%C3%A1quina.pdf"", ""status"": ""downloaded""}"
curriculos/2023/fichas/manifesto-dinf.csv,25,CI1171,curriculos/2023/fichas/dinf/CI1171/ficha-2.pdf,Ficha 2,,https://web.inf.ufpr.br/dinf/wp-content/uploads/sites/2/2020/05/2CI1171-Aprendizado-de-M%C3%A1quina.pdf,,,ficha-2,curriculos/2023/fichas/dinf/CI1171/ficha-2.pdf,1a498d6c626f7b6c5c79042f154c2165d86fae26749bbc64c92dbbaf739018b6,,,downloaded,,,,single-origin,"{""bytes"": ""104192"", ""code"": ""CI1171"", ""index_label"": ""Ficha 2"", ""kind_in_index"": ""ficha-2"", ""local_path"": ""curriculos/2023/fichas/dinf/CI1171/ficha-2.pdf"", ""sha256"": ""1a498d6c626f7b6c5c79042f154c2165d86fae26749bbc64c92dbbaf739018b6"", ""source_url"": ""https://web.inf.ufpr.br/dinf/wp-content/uploads/sites/2/2020/05/2CI1171-Aprendizado-de-M%C3%A1quina.pdf"", ""status"": ""downloaded""}"
curriculos/2023/fichas/manifesto-dinf.csv,26,CI1209,curriculos/2023/fichas/dinf/CI1209/ficha-1.pdf,Ficha 1,,https://web.inf.ufpr.br/dinf/wp-content/uploads/sites/2/2020/05/CI1209-Intelig%C3%AAncia-Artificial.pdf,,,ficha-1,curriculos/2023/fichas/dinf/CI1209/ficha-1.pdf,3934fbf683f4fca4a63bc2522174122844f72cc8e4533eb350d6313810bf531f,,,downloaded,,,,single-origin,"{""bytes"": ""107249"", ""code"": ""CI1209"", ""index_label"": ""Ficha 1"", ""kind_in_index"": ""ficha-1"", ""local_path"": ""curriculos/2023/fichas/dinf/CI1209/ficha-1.pdf"", ""sha256"": ""3934fbf683f4fca4a63bc2522174122844f72cc8e4533eb350d6313810bf531f"", ""source_url"": ""https://web.inf.ufpr.br/dinf/wp-content/uploads/sites/2/2020/05/CI1209-Intelig%C3%AAncia-Artificial.pdf"", ""status"": ""downloaded""}"
curriculos/2023/fichas/manifesto-dinf.csv,27,CI1209,curriculos/2023/fichas/dinf/CI1209/ficha-2.pdf,Ficha 2,,https://web.inf.ufpr.br/dinf/wp-content/uploads/sites/2/2020/05/2CI1209-Intelig%C3%AAncia-Artificial.pdf,,,ficha-2,curriculos/2023/fichas/dinf/CI1209/ficha-2.pdf,33f6f9147a0503404a3198f9bea4fe8315a645d9a0b523cc3c5a9e64b3f85edd,,,downloaded,,,,single-origin,"{""bytes"": ""80872"", ""code"": ""CI1209"", ""index_label"": ""Ficha 2"", ""kind_in_index"": ""ficha-2"", ""local_path"": ""curriculos/2023/fichas/dinf/CI1209/ficha-2.pdf"", ""sha256"": ""33f6f9147a0503404a3198f9bea4fe8315a645d9a0b523cc3c5a9e64b3f85edd"", ""source_url"": ""https://web.inf.ufpr.br/dinf/wp-content/uploads/sites/2/2020/05/2CI1209-Intelig%C3%AAncia-Artificial.pdf"", ""status"": ""downloaded""}"
curriculos/2023/fichas/manifesto-dinf.csv,28,CI1218,curriculos/2023/fichas/dinf/CI1218/ficha-1.pdf,Ficha 1,,https://web.inf.ufpr.br/dinf/wp-content/uploads/sites/2/2020/05/CI1218-Bancos-de-Dados.pdf,,,ficha-1,curriculos/2023/fichas/dinf/CI1218/ficha-1.pdf,85154d13ab06357b3cb1071dc6d4c45730151c0f81a0afb5b7eebc90197e7358,,,downloaded,,,,single-origin,"{""bytes"": ""113022"", ""code"": ""CI1218"", ""index_label"": ""Ficha 1"", ""kind_in_index"": ""ficha-1"", ""local_path"": ""curriculos/2023/fichas/dinf/CI1218/ficha-1.pdf"", ""sha256"": ""85154d13ab06357b3cb1071dc6d4c45730151c0f81a0afb5b7eebc90197e7358"", ""source_url"": ""https://web.inf.ufpr.br/dinf/wp-content/uploads/sites/2/2020/05/CI1218-Bancos-de-Dados.pdf"", ""status"": ""downloaded""}"
curriculos/2023/fichas/manifesto-dinf.csv,29,CI1218,curriculos/2023/fichas/dinf/CI1218/ficha-2.pdf,Ficha 2,,https://web.inf.ufpr.br/dinf/wp-content/uploads/sites/2/2020/05/2CI1218-Bancos-de-Dados.pdf,,,ficha-2,curriculos/2023/fichas/dinf/CI1218/ficha-2.pdf,6cd9c7a2c75a3653e5dd7346fc3d2822d98a52692602d30802ecea931bf85185,,,downloaded,,,,single-origin,"{""bytes"": ""105947"", ""code"": ""CI1218"", ""index_label"": ""Ficha 2"", ""kind_in_index"": ""ficha-2"", ""local_path"": ""curriculos/2023/fichas/dinf/CI1218/ficha-2.pdf"", ""sha256"": ""6cd9c7a2c75a3653e5dd7346fc3d2822d98a52692602d30802ecea931bf85185"", ""source_url"": ""https://web.inf.ufpr.br/dinf/wp-content/uploads/sites/2/2020/05/2CI1218-Bancos-de-Dados.pdf"", ""status"": ""downloaded""}"
curriculos/2023/fichas/manifesto-dinf.csv,30,CI1316,curriculos/2023/fichas/dinf/CI1316/ficha-1.pdf,Ficha 1,,https://web.inf.ufpr.br/dinf/wp-content/uploads/sites/2/2020/05/CI1316-Programa%C3%A7%C3%A3o-Paralela.pdf,,,ficha-1,curriculos/2023/fichas/dinf/CI1316/ficha-1.pdf,cabf4d62a7024ac5f740a781044b0d1a3e320754ba771eea54ea5d48ffe8ef69,,,downloaded,,,,single-origin,"{""bytes"": ""106306"", ""code"": ""CI1316"", ""index_label"": ""Ficha 1"", ""kind_in_index"": ""ficha-1"", ""local_path"": ""curriculos/2023/fichas/dinf/CI1316/ficha-1.pdf"", ""sha256"": ""cabf4d62a7024ac5f740a781044b0d1a3e320754ba771eea54ea5d48ffe8ef69"", ""source_url"": ""https://web.inf.ufpr.br/dinf/wp-content/uploads/sites/2/2020/05/CI1316-Programa%C3%A7%C3%A3o-Paralela.pdf"", ""status"": ""downloaded""}"
curriculos/2023/fichas/manifesto-dinf.csv,31,CI1316,curriculos/2023/fichas/dinf/CI1316/ficha-2.pdf,Ficha 2,,https://web.inf.ufpr.br/dinf/wp-content/uploads/sites/2/2020/05/2CI1316-Programa%C3%A7%C3%A3o-Paralela.pdf,,,ficha-2,curriculos/2023/fichas/dinf/CI1316/ficha-2.pdf,f21ed72e45c0e3d98409397440714da28b457b5733e6e8250d24e79b831169e0,,,downloaded,,,,single-origin,"{""bytes"": ""106211"", ""code"": ""CI1316"", ""index_label"": ""Ficha 2"", ""kind_in_index"": ""ficha-2"", ""local_path"": ""curriculos/2023/fichas/dinf/CI1316/ficha-2.pdf"", ""sha256"": ""f21ed72e45c0e3d98409397440714da28b457b5733e6e8250d24e79b831169e0"", ""source_url"": ""https://web.inf.ufpr.br/dinf/wp-content/uploads/sites/2/2020/05/2CI1316-Programa%C3%A7%C3%A3o-Paralela.pdf"", ""status"": ""downloaded""}"
curriculos/2023/fichas/manifesto-dinf.csv,32,CI1007,curriculos/2023/fichas/dinf/CI1007/ficha-1.pdf,Ficha 1,,https://web.inf.ufpr.br/dinf/wp-content/uploads/sites/2/2020/05/CI1007-Seguran%C3%A7a-Computacional.pdf,,,ficha-1,curriculos/2023/fichas/dinf/CI1007/ficha-1.pdf,8aa057ad98da9cee72cd52308cf00b2dabc2e05c2c2657a255c3e174e105c4c3,,,downloaded,,,,single-origin,"{""bytes"": ""106187"", ""code"": ""CI1007"", ""index_label"": ""Ficha 1"", ""kind_in_index"": ""ficha-1"", ""local_path"": ""curriculos/2023/fichas/dinf/CI1007/ficha-1.pdf"", ""sha256"": ""8aa057ad98da9cee72cd52308cf00b2dabc2e05c2c2657a255c3e174e105c4c3"", ""source_url"": ""https://web.inf.ufpr.br/dinf/wp-content/uploads/sites/2/2020/05/CI1007-Seguran%C3%A7a-Computacional.pdf"", ""status"": ""downloaded""}"
curriculos/2023/fichas/manifesto-dinf.csv,33,CI1007,curriculos/2023/fichas/dinf/CI1007/ficha-2.pdf,Ficha 2,,https://web.inf.ufpr.br/dinf/wp-content/uploads/sites/2/2020/05/2CI1007-Seguran%C3%A7a-Computacional.pdf,,,ficha-2,curriculos/2023/fichas/dinf/CI1007/ficha-2.pdf,ec0352d9e4ed3a4f066cfa3b6a7b95e1216be346869a61f66e8010905a72afa4,,,downloaded,,,,single-origin,"{""bytes"": ""107465"", ""code"": ""CI1007"", ""index_label"": ""Ficha 2"", ""kind_in_index"": ""ficha-2"", ""local_path"": ""curriculos/2023/fichas/dinf/CI1007/ficha-2.pdf"", ""sha256"": ""ec0352d9e4ed3a4f066cfa3b6a7b95e1216be346869a61f66e8010905a72afa4"", ""source_url"": ""https://web.inf.ufpr.br/dinf/wp-content/uploads/sites/2/2020/05/2CI1007-Seguran%C3%A7a-Computacional.pdf"", ""status"": ""downloaded""}"
curriculos/2023/fichas/manifesto-dinf.csv,34,CI1221,curriculos/2023/fichas/dinf/CI1221/ficha-1.pdf,Ficha 1,,https://web.inf.ufpr.br/dinf/wp-content/uploads/sites/2/2020/05/CI1221-Engenharia-de-Software.pdf,,,ficha-1,curriculos/2023/fichas/dinf/CI1221/ficha-1.pdf,797917a917bdf10065b00957885b806408847df727053030fae0e4277fc7d86f,,,downloaded,,,,single-origin,"{""bytes"": ""107397"", ""code"": ""CI1221"", ""index_label"": ""Ficha 1"", ""kind_in_index"": ""ficha-1"", ""local_path"": ""curriculos/2023/fichas/dinf/CI1221/ficha-1.pdf"", ""sha256"": ""797917a917bdf10065b00957885b806408847df727053030fae0e4277fc7d86f"", ""source_url"": ""https://web.inf.ufpr.br/dinf/wp-content/uploads/sites/2/2020/05/CI1221-Engenharia-de-Software.pdf"", ""status"": ""downloaded""}"
curriculos/2023/fichas/manifesto-dinf.csv,35,CI1221,curriculos/2023/fichas/dinf/CI1221/ficha-2.pdf,Ficha 2,,https://web.inf.ufpr.br/dinf/wp-content/uploads/sites/2/2020/05/2CI1221-Engenharia-de-Software.pdf,,,ficha-2,curriculos/2023/fichas/dinf/CI1221/ficha-2.pdf,4868ad64df82d88d38b13334e622edf2a1de36cbe51fcf8bb4abfb2725905ac7,,,downloaded,,,,single-origin,"{""bytes"": ""107442"", ""code"": ""CI1221"", ""index_label"": ""Ficha 2"", ""kind_in_index"": ""ficha-2"", ""local_path"": ""curriculos/2023/fichas/dinf/CI1221/ficha-2.pdf"", ""sha256"": ""4868ad64df82d88d38b13334e622edf2a1de36cbe51fcf8bb4abfb2725905ac7"", ""source_url"": ""https://web.inf.ufpr.br/dinf/wp-content/uploads/sites/2/2020/05/2CI1221-Engenharia-de-Software.pdf"", ""status"": ""downloaded""}"
curriculos/2023/fichas/manifesto-dinf.csv,36,CI1005,curriculos/2023/fichas/dinf/CI1005/ficha-1.pdf,Ficha 1,,https://web.inf.ufpr.br/dinf/wp-content/uploads/sites/2/2020/06/CI1005-Qualidade-de-Software.pdf,,,ficha-1,curriculos/2023/fichas/dinf/CI1005/ficha-1.pdf,935422a55c7fe7098ea65530797d554f49b2ebe7fff09518da78fe8858a55aae,,,downloaded,,,,single-origin,"{""bytes"": ""107141"", ""code"": ""CI1005"", ""index_label"": ""Ficha 1"", ""kind_in_index"": ""ficha-1"", ""local_path"": ""curriculos/2023/fichas/dinf/CI1005/ficha-1.pdf"", ""sha256"": ""935422a55c7fe7098ea65530797d554f49b2ebe7fff09518da78fe8858a55aae"", ""source_url"": ""https://web.inf.ufpr.br/dinf/wp-content/uploads/sites/2/2020/06/CI1005-Qualidade-de-Software.pdf"", ""status"": ""downloaded""}"
curriculos/2023/fichas/manifesto-dinf.csv,37,CI1005,curriculos/2023/fichas/dinf/CI1005/ficha-2.pdf,Ficha 2,,https://web.inf.ufpr.br/dinf/wp-content/uploads/sites/2/2020/05/2CI1005-Qualidade-de-Software.pdf,,,ficha-2,curriculos/2023/fichas/dinf/CI1005/ficha-2.pdf,b16a1f8b6c5e2aca1b6678734c212525ae0ba35826769a880605b36d3d8246e8,,,downloaded,,,,single-origin,"{""bytes"": ""105760"", ""code"": ""CI1005"", ""index_label"": ""Ficha 2"", ""kind_in_index"": ""ficha-2"", ""local_path"": ""curriculos/2023/fichas/dinf/CI1005/ficha-2.pdf"", ""sha256"": ""b16a1f8b6c5e2aca1b6678734c212525ae0ba35826769a880605b36d3d8246e8"", ""source_url"": ""https://web.inf.ufpr.br/dinf/wp-content/uploads/sites/2/2020/05/2CI1005-Qualidade-de-Software.pdf"", ""status"": ""downloaded""}"
curriculos/2023/fichas/manifesto-outros-departamentos.csv,2,MN162,curriculos/2023/fichas/outros-departamentos/MN162-ficha-1.pdf,,,https://bio.ufpr.br/fisioterapia/wp-content/uploads/sites/20/2024/12/MN162___ORGANIZACAO_DO_SISTEMA_DE_SAUDE_BRASILEIRO.pdf,,,ficha-1,curriculos/2023/fichas/outros-departamentos/MN162-ficha-1.pdf,cfcb6de27917d0edb92c0b5f10093aafcd4843b079e30abf53d912ab3f705135,assinada em 2019,,downloaded,Ficha anterior à Resolução 75/22; cotejo necessário,,,single-origin,"{""code"": ""MN162"", ""kind"": ""ficha-1"", ""local_path"": ""curriculos/2023/fichas/outros-departamentos/MN162-ficha-1.pdf"", ""notes"": ""Ficha anterior à Resolução 75/22; cotejo necessário"", ""sha256"": ""cfcb6de27917d0edb92c0b5f10093aafcd4843b079e30abf53d912ab3f705135"", ""source_url"": ""https://bio.ufpr.br/fisioterapia/wp-content/uploads/sites/20/2024/12/MN162___ORGANIZACAO_DO_SISTEMA_DE_SAUDE_BRASILEIRO.pdf"", ""status"": ""downloaded"", ""version_or_term"": ""assinada em 2019""}"
curriculos/2023/fichas/manifesto-outros-departamentos.csv,3,BQ083,curriculos/2023/fichas/outros-departamentos/BQ083-ficha-1.pdf,,,https://bio.ufpr.br/bioquimica/wp-content/uploads/sites/31/2021/12/BQ083-FICHA-1.pdf,,,ficha-1,curriculos/2023/fichas/outros-departamentos/BQ083-ficha-1.pdf,65c7e762dd3e2587bee40187a0fdb690d60fd9f085b737b566b2439e95af5109,renderizada em 2022-06-09; assinada em 2022-04-05,,downloaded,Data interna do PDF prevalece sobre diretório URL; vigência 2023 precisa ser confirmada,,,single-origin,"{""code"": ""BQ083"", ""kind"": ""ficha-1"", ""local_path"": ""curriculos/2023/fichas/outros-departamentos/BQ083-ficha-1.pdf"", ""notes"": ""Data interna do PDF prevalece sobre diretório URL; vigência 2023 precisa ser confirmada"", ""sha256"": ""65c7e762dd3e2587bee40187a0fdb690d60fd9f085b737b566b2439e95af5109"", ""source_url"": ""https://bio.ufpr.br/bioquimica/wp-content/uploads/sites/31/2021/12/BQ083-FICHA-1.pdf"", ""status"": ""downloaded"", ""version_or_term"": ""renderizada em 2022-06-09; assinada em 2022-04-05""}"
curriculos/2023/fichas/manifesto-outros-departamentos.csv,4,BF114,curriculos/2023/fichas/outros-departamentos/BF114-ficha-1.pdf,,,https://bio.ufpr.br/fisiologia/wp-content/uploads/sites/37/2024/12/1141.pdf,,,ficha-1,curriculos/2023/fichas/outros-departamentos/BF114-ficha-1.pdf,405e9838e92b73ca318b66a9c5d47a7aed8e382bb64ee6d5b340bb3110e2300f,arquivo publicado em diretório 2024/12,,downloaded,Vigência precisa ser confirmada,,,single-origin,"{""code"": ""BF114"", ""kind"": ""ficha-1"", ""local_path"": ""curriculos/2023/fichas/outros-departamentos/BF114-ficha-1.pdf"", ""notes"": ""Vigência precisa ser confirmada"", ""sha256"": ""405e9838e92b73ca318b66a9c5d47a7aed8e382bb64ee6d5b340bb3110e2300f"", ""source_url"": ""https://bio.ufpr.br/fisiologia/wp-content/uploads/sites/37/2024/12/1141.pdf"", ""status"": ""downloaded"", ""version_or_term"": ""arquivo publicado em diretório 2024/12""}"
curriculos/2023/fichas/manifesto-outros-departamentos.csv,5,MN129,curriculos/2023/fichas/outros-departamentos/MN129-ficha-2-2022-1.pdf,,,https://saude.ufpr.br/enfermagem/wp-content/uploads/sites/4/2022/10/MN129_metodologia-da-pesquisa-e-bioetica-em-saude-1_2022.pdf,,,ficha-2,curriculos/2023/fichas/outros-departamentos/MN129-ficha-2-2022-1.pdf,26d23f09c1250d85e14c1b37bb4616998cada9bfe47a8c5550f10226a333df2c,2022.1,,downloaded,Plano de ensino anterior ao início da matriz 2023,,,single-origin,"{""code"": ""MN129"", ""kind"": ""ficha-2"", ""local_path"": ""curriculos/2023/fichas/outros-departamentos/MN129-ficha-2-2022-1.pdf"", ""notes"": ""Plano de ensino anterior ao início da matriz 2023"", ""sha256"": ""26d23f09c1250d85e14c1b37bb4616998cada9bfe47a8c5550f10226a333df2c"", ""source_url"": ""https://saude.ufpr.br/enfermagem/wp-content/uploads/sites/4/2022/10/MN129_metodologia-da-pesquisa-e-bioetica-em-saude-1_2022.pdf"", ""status"": ""downloaded"", ""version_or_term"": ""2022.1""}"
administracao/dados/fontes.csv,2,dicionario-acompanhamento-trajetoria.docx,administracao/dados/inep/fontes/dicionario-acompanhamento-trajetoria.docx,,INEP,https://www.gov.br/inep/pt-br/acesso-a-informacao/dados-abertos/indicadores-educacionais/indicadores-de-trajetoria-da-educacao-superior,2026-09-04,,documento,administracao/dados/inep/fontes/dicionario-acompanhamento-trajetoria.docx,05c684c9f939577e012aaf02933b09a3e99059625c030ca8e594a11d1c78831d,,,versionado,,,,single-origin,"{""arquivo"": ""dicionario-acompanhamento-trajetoria.docx"", ""caminho_local"": ""administracao/dados/inep/fontes/dicionario-acompanhamento-trajetoria.docx"", ""data_consulta"": ""2026-09-04"", ""instituicao"": ""INEP"", ""sha256"": ""05c684c9f939577e012aaf02933b09a3e99059625c030ca8e594a11d1c78831d"", ""status"": ""versionado"", ""tamanho_bytes"": ""25877"", ""tipo"": ""documento"", ""url_oficial"": ""https://www.gov.br/inep/pt-br/acesso-a-informacao/dados-abertos/indicadores-educacionais/indicadores-de-trajetoria-da-educacao-superior""}"
administracao/dados/fontes.csv,3,md5_indicadores_trajetoria_educacao_superior_2010_2019.txt,administracao/dados/inep/fontes/md5/md5_indicadores_trajetoria_educacao_superior_2010_2019.txt,,INEP,,2026-09-04,,md5_oficial,administracao/dados/inep/fontes/md5/md5_indicadores_trajetoria_educacao_superior_2010_2019.txt,638f6c5c0a827cb2909d4b92125f1c2fbafbe448e9180f76d0c66de45f938407,,,versionado,,,,single-origin,"{""arquivo"": ""md5_indicadores_trajetoria_educacao_superior_2010_2019.txt"", ""caminho_local"": ""administracao/dados/inep/fontes/md5/md5_indicadores_trajetoria_educacao_superior_2010_2019.txt"", ""data_consulta"": ""2026-09-04"", ""instituicao"": ""INEP"", ""sha256"": ""638f6c5c0a827cb2909d4b92125f1c2fbafbe448e9180f76d0c66de45f938407"", ""status"": ""versionado"", ""tamanho_bytes"": ""181"", ""tipo"": ""md5_oficial"", ""url_oficial"": """"}"
administracao/dados/fontes.csv,4,md5_indicadores_trajetoria_educacao_superior_2011_2020.txt,administracao/dados/inep/fontes/md5/md5_indicadores_trajetoria_educacao_superior_2011_2020.txt,,INEP,,2026-09-04,,md5_oficial,administracao/dados/inep/fontes/md5/md5_indicadores_trajetoria_educacao_superior_2011_2020.txt,ce3502cb2915b3d96a5861625474df4e973c2527d38c592d07c984c6c9537866,,,versionado,,,,single-origin,"{""arquivo"": ""md5_indicadores_trajetoria_educacao_superior_2011_2020.txt"", ""caminho_local"": ""administracao/dados/inep/fontes/md5/md5_indicadores_trajetoria_educacao_superior_2011_2020.txt"", ""data_consulta"": ""2026-09-04"", ""instituicao"": ""INEP"", ""sha256"": ""ce3502cb2915b3d96a5861625474df4e973c2527d38c592d07c984c6c9537866"", ""status"": ""versionado"", ""tamanho_bytes"": ""181"", ""tipo"": ""md5_oficial"", ""url_oficial"": """"}"
administracao/dados/fontes.csv,5,md5_indicadores_trajetoria_educacao_superior_2012_2021.txt,administracao/dados/inep/fontes/md5/md5_indicadores_trajetoria_educacao_superior_2012_2021.txt,,INEP,,2026-09-04,,md5_oficial,administracao/dados/inep/fontes/md5/md5_indicadores_trajetoria_educacao_superior_2012_2021.txt,db45ffc0484c7a52e8ece2b988f6970ed2e7853d2f1a604aba9f67f950c69463,,,versionado,,,,single-origin,"{""arquivo"": ""md5_indicadores_trajetoria_educacao_superior_2012_2021.txt"", ""caminho_local"": ""administracao/dados/inep/fontes/md5/md5_indicadores_trajetoria_educacao_superior_2012_2021.txt"", ""data_consulta"": ""2026-09-04"", ""instituicao"": ""INEP"", ""sha256"": ""db45ffc0484c7a52e8ece2b988f6970ed2e7853d2f1a604aba9f67f950c69463"", ""status"": ""versionado"", ""tamanho_bytes"": ""181"", ""tipo"": ""md5_oficial"", ""url_oficial"": """"}"
administracao/dados/fontes.csv,6,md5_indicadores_trajetoria_educacao_superior_2013_2022.txt,administracao/dados/inep/fontes/md5/md5_indicadores_trajetoria_educacao_superior_2013_2022.txt,,INEP,,2026-09-04,,md5_oficial,administracao/dados/inep/fontes/md5/md5_indicadores_trajetoria_educacao_superior_2013_2022.txt,1890bd842c94ac5affe8c1806a8145df66cbf7b50b2dc788eb2254f5f93ab641,,,versionado,,,,single-origin,"{""arquivo"": ""md5_indicadores_trajetoria_educacao_superior_2013_2022.txt"", ""caminho_local"": ""administracao/dados/inep/fontes/md5/md5_indicadores_trajetoria_educacao_superior_2013_2022.txt"", ""data_consulta"": ""2026-09-04"", ""instituicao"": ""INEP"", ""sha256"": ""1890bd842c94ac5affe8c1806a8145df66cbf7b50b2dc788eb2254f5f93ab641"", ""status"": ""versionado"", ""tamanho_bytes"": ""181"", ""tipo"": ""md5_oficial"", ""url_oficial"": """"}"
administracao/dados/fontes.csv,7,md5_indicadores_trajetoria_educacao_superior_2014_2023.txt,administracao/dados/inep/fontes/md5/md5_indicadores_trajetoria_educacao_superior_2014_2023.txt,,INEP,,2026-09-04,,md5_oficial,administracao/dados/inep/fontes/md5/md5_indicadores_trajetoria_educacao_superior_2014_2023.txt,78a6704bb170ec1df9162ef163f3e2904546789f5f3d81ea913a1212d3fe13e4,,,versionado,,,,single-origin,"{""arquivo"": ""md5_indicadores_trajetoria_educacao_superior_2014_2023.txt"", ""caminho_local"": ""administracao/dados/inep/fontes/md5/md5_indicadores_trajetoria_educacao_superior_2014_2023.txt"", ""data_consulta"": ""2026-09-04"", ""instituicao"": ""INEP"", ""sha256"": ""78a6704bb170ec1df9162ef163f3e2904546789f5f3d81ea913a1212d3fe13e4"", ""status"": ""versionado"", ""tamanho_bytes"": ""181"", ""tipo"": ""md5_oficial"", ""url_oficial"": """"}"
administracao/dados/fontes.csv,8,md5_indicadores_trajetoria_educacao_superior_2015_2024.txt,administracao/dados/inep/fontes/md5/md5_indicadores_trajetoria_educacao_superior_2015_2024.txt,,INEP,,2026-09-04,,md5_oficial,administracao/dados/inep/fontes/md5/md5_indicadores_trajetoria_educacao_superior_2015_2024.txt,f8b74c2aa59fa765bb9c8560ea556048ed1403eb03cc94b6aea3abef4b60c5f0,,,versionado,,,,single-origin,"{""arquivo"": ""md5_indicadores_trajetoria_educacao_superior_2015_2024.txt"", ""caminho_local"": ""administracao/dados/inep/fontes/md5/md5_indicadores_trajetoria_educacao_superior_2015_2024.txt"", ""data_consulta"": ""2026-09-04"", ""instituicao"": ""INEP"", ""sha256"": ""f8b74c2aa59fa765bb9c8560ea556048ed1403eb03cc94b6aea3abef4b60c5f0"", ""status"": ""versionado"", ""tamanho_bytes"": ""181"", ""tipo"": ""md5_oficial"", ""url_oficial"": """"}"
administracao/dados/fontes.csv,9,md5_indicadores_trajetoria_educacao_superior_2016_2024.txt,administracao/dados/inep/fontes/md5/md5_indicadores_trajetoria_educacao_superior_2016_2024.txt,,INEP,,2026-09-04,,md5_oficial,administracao/dados/inep/fontes/md5/md5_indicadores_trajetoria_educacao_superior_2016_2024.txt,8037aaa02028c71b61b0624c75c31ace92796c9d1956882e2982778580ce24ac,,,versionado,,,,single-origin,"{""arquivo"": ""md5_indicadores_trajetoria_educacao_superior_2016_2024.txt"", ""caminho_local"": ""administracao/dados/inep/fontes/md5/md5_indicadores_trajetoria_educacao_superior_2016_2024.txt"", ""data_consulta"": ""2026-09-04"", ""instituicao"": ""INEP"", ""sha256"": ""8037aaa02028c71b61b0624c75c31ace92796c9d1956882e2982778580ce24ac"", ""status"": ""versionado"", ""tamanho_bytes"": ""181"", ""tipo"": ""md5_oficial"", ""url_oficial"": """"}"
administracao/dados/fontes.csv,10,md5_indicadores_trajetoria_educacao_superior_2017_2024.txt,administracao/dados/inep/fontes/md5/md5_indicadores_trajetoria_educacao_superior_2017_2024.txt,,INEP,,2026-09-04,,md5_oficial,administracao/dados/inep/fontes/md5/md5_indicadores_trajetoria_educacao_superior_2017_2024.txt,f3e22ab9f6221cf77bfbf8382ecae8e58dcfe862be3d8e4845e163be680e7f55,,,versionado,,,,single-origin,"{""arquivo"": ""md5_indicadores_trajetoria_educacao_superior_2017_2024.txt"", ""caminho_local"": ""administracao/dados/inep/fontes/md5/md5_indicadores_trajetoria_educacao_superior_2017_2024.txt"", ""data_consulta"": ""2026-09-04"", ""instituicao"": ""INEP"", ""sha256"": ""f3e22ab9f6221cf77bfbf8382ecae8e58dcfe862be3d8e4845e163be680e7f55"", ""status"": ""versionado"", ""tamanho_bytes"": ""181"", ""tipo"": ""md5_oficial"", ""url_oficial"": """"}"
administracao/dados/fontes.csv,11,md5_indicadores_trajetoria_educacao_superior_2018_2024.txt,administracao/dados/inep/fontes/md5/md5_indicadores_trajetoria_educacao_superior_2018_2024.txt,,INEP,,2026-09-04,,md5_oficial,administracao/dados/inep/fontes/md5/md5_indicadores_trajetoria_educacao_superior_2018_2024.txt,26850ab1e06a21fa262e209a477d2ed96f9d74673b96fef9fa0210d7ab2a64a6,,,versionado,,,,single-origin,"{""arquivo"": ""md5_indicadores_trajetoria_educacao_superior_2018_2024.txt"", ""caminho_local"": ""administracao/dados/inep/fontes/md5/md5_indicadores_trajetoria_educacao_superior_2018_2024.txt"", ""data_consulta"": ""2026-09-04"", ""instituicao"": ""INEP"", ""sha256"": ""26850ab1e06a21fa262e209a477d2ed96f9d74673b96fef9fa0210d7ab2a64a6"", ""status"": ""versionado"", ""tamanho_bytes"": ""181"", ""tipo"": ""md5_oficial"", ""url_oficial"": """"}"
administracao/dados/fontes.csv,12,md5_indicadores_trajetoria_educacao_superior_2019_2024.txt,administracao/dados/inep/fontes/md5/md5_indicadores_trajetoria_educacao_superior_2019_2024.txt,,INEP,,2026-09-04,,md5_oficial,administracao/dados/inep/fontes/md5/md5_indicadores_trajetoria_educacao_superior_2019_2024.txt,2b545914474fb2bb5f9cdb43fd1b7fc4695a61ce330385015130f802ebc33aac,,,versionado,,,,single-origin,"{""arquivo"": ""md5_indicadores_trajetoria_educacao_superior_2019_2024.txt"", ""caminho_local"": ""administracao/dados/inep/fontes/md5/md5_indicadores_trajetoria_educacao_superior_2019_2024.txt"", ""data_consulta"": ""2026-09-04"", ""instituicao"": ""INEP"", ""sha256"": ""2b545914474fb2bb5f9cdb43fd1b7fc4695a61ce330385015130f802ebc33aac"", ""status"": ""versionado"", ""tamanho_bytes"": ""181"", ""tipo"": ""md5_oficial"", ""url_oficial"": """"}"
administracao/dados/fontes.csv,13,md5_indicadores_trajetoria_educacao_superior_2020_2024.txt,administracao/dados/inep/fontes/md5/md5_indicadores_trajetoria_educacao_superior_2020_2024.txt,,INEP,,2026-09-04,,md5_oficial,administracao/dados/inep/fontes/md5/md5_indicadores_trajetoria_educacao_superior_2020_2024.txt,77ee15dd7e3c673e77686659b52fafc8250770ce11bac354cd7ce7b080c07048,,,versionado,,,,single-origin,"{""arquivo"": ""md5_indicadores_trajetoria_educacao_superior_2020_2024.txt"", ""caminho_local"": ""administracao/dados/inep/fontes/md5/md5_indicadores_trajetoria_educacao_superior_2020_2024.txt"", ""data_consulta"": ""2026-09-04"", ""instituicao"": ""INEP"", ""sha256"": ""77ee15dd7e3c673e77686659b52fafc8250770ce11bac354cd7ce7b080c07048"", ""status"": ""versionado"", ""tamanho_bytes"": ""181"", ""tipo"": ""md5_oficial"", ""url_oficial"": """"}"
administracao/dados/fontes.csv,14,inep-trajetoria.html,administracao/dados/inep/fontes/paginas/inep-trajetoria.html,,INEP,https://www.gov.br/inep/pt-br/acesso-a-informacao/dados-abertos/indicadores-educacionais/indicadores-de-trajetoria-da-educacao-superior,2026-09-04,,pagina_html,administracao/dados/inep/fontes/paginas/inep-trajetoria.html,5c3cd8de65aa2ce107cd5651b701e2bb9c37b7f61c6ab7a3e0466b0e243c4e67,,,versionado,,,,single-origin,"{""arquivo"": ""inep-trajetoria.html"", ""caminho_local"": ""administracao/dados/inep/fontes/paginas/inep-trajetoria.html"", ""data_consulta"": ""2026-09-04"", ""instituicao"": ""INEP"", ""sha256"": ""5c3cd8de65aa2ce107cd5651b701e2bb9c37b7f61c6ab7a3e0466b0e243c4e67"", ""status"": ""versionado"", ""tamanho_bytes"": ""218202"", ""tipo"": ""pagina_html"", ""url_oficial"": ""https://www.gov.br/inep/pt-br/acesso-a-informacao/dados-abertos/indicadores-educacionais/indicadores-de-trajetoria-da-educacao-superior""}"
administracao/dados/fontes.csv,15,ata-cepe-13-12-2019.pdf,administracao/dados/ufpr/fontes/ata-cepe-13-12-2019.pdf,,UFPR,https://soc.ufpr.br/wp-content/uploads/2020/03/Ata-CEPE-13.12.2019.pdf,2026-09-04,,documento,administracao/dados/ufpr/fontes/ata-cepe-13-12-2019.pdf,72f5bca84b454e894743b334f673986ab59675127f4ef9d575ae0970692b6198,,,versionado,,,,single-origin,"{""arquivo"": ""ata-cepe-13-12-2019.pdf"", ""caminho_local"": ""administracao/dados/ufpr/fontes/ata-cepe-13-12-2019.pdf"", ""data_consulta"": ""2026-09-04"", ""instituicao"": ""UFPR"", ""sha256"": ""72f5bca84b454e894743b334f673986ab59675127f4ef9d575ae0970692b6198"", ""status"": ""versionado"", ""tamanho_bytes"": ""237970"", ""tipo"": ""documento"", ""url_oficial"": ""https://soc.ufpr.br/wp-content/uploads/2020/03/Ata-CEPE-13.12.2019.pdf""}"
administracao/dados/fontes.csv,16,edital-28-2025-nc-prograp-ps-2026.pdf,administracao/dados/ufpr/fontes/edital-28-2025-nc-prograp-ps-2026.pdf,,UFPR,https://servicos.nc.ufpr.br/PortalNC/obterDocumento?pub=8601,2026-09-04,,documento,administracao/dados/ufpr/fontes/edital-28-2025-nc-prograp-ps-2026.pdf,8d0e37321953947b68c0989bba524c92daf710c13b522d619ce5a5a3d2efd092,,,versionado,,administracao/dados/ufpr/fontes/edital-28-2025-nc-prograp-ps-2026.pdf,status|title|version_or_validity,metadata-differences-not-adjudicated,"{""arquivo"": ""edital-28-2025-nc-prograp-ps-2026.pdf"", ""caminho_local"": ""administracao/dados/ufpr/fontes/edital-28-2025-nc-prograp-ps-2026.pdf"", ""data_consulta"": ""2026-09-04"", ""instituicao"": ""UFPR"", ""sha256"": ""8d0e37321953947b68c0989bba524c92daf710c13b522d619ce5a5a3d2efd092"", ""status"": ""versionado"", ""tamanho_bytes"": ""1656741"", ""tipo"": ""documento"", ""url_oficial"": ""https://servicos.nc.ufpr.br/PortalNC/obterDocumento?pub=8601""}"
administracao/dados/fontes.csv,17,noticia-lancamento-observatorio.html,administracao/dados/ufpr/fontes/paginas/noticia-lancamento-observatorio.html,,UFPR,https://ufpr.br/ufpr-lanca-observatorio-de-dados-de-evasao-e-baixa-procura/,2026-09-04,,pagina_html,administracao/dados/ufpr/fontes/paginas/noticia-lancamento-observatorio.html,cb4b75c84f97528e6c29e1294a9260665485e6e7e55fe6e6af8c0e904f943f3b,,,versionado,,,,single-origin,"{""arquivo"": ""noticia-lancamento-observatorio.html"", ""caminho_local"": ""administracao/dados/ufpr/fontes/paginas/noticia-lancamento-observatorio.html"", ""data_consulta"": ""2026-09-04"", ""instituicao"": ""UFPR"", ""sha256"": ""cb4b75c84f97528e6c29e1294a9260665485e6e7e55fe6e6af8c0e904f943f3b"", ""status"": ""versionado"", ""tamanho_bytes"": ""107980"", ""tipo"": ""pagina_html"", ""url_oficial"": ""https://ufpr.br/ufpr-lanca-observatorio-de-dados-de-evasao-e-baixa-procura/""}"
administracao/dados/fontes.csv,18,observatorio-inicio.html,administracao/dados/ufpr/fontes/paginas/observatorio-inicio.html,,UFPR,https://ufpr.br/observaevasao/,2026-09-04,,pagina_html,administracao/dados/ufpr/fontes/paginas/observatorio-inicio.html,7775819c2cd764487c3b59f8dea8bff43652a6b849b0355d46193c9ec9d4fd73,,,versionado,,,,single-origin,"{""arquivo"": ""observatorio-inicio.html"", ""caminho_local"": ""administracao/dados/ufpr/fontes/paginas/observatorio-inicio.html"", ""data_consulta"": ""2026-09-04"", ""instituicao"": ""UFPR"", ""sha256"": ""7775819c2cd764487c3b59f8dea8bff43652a6b849b0355d46193c9ec9d4fd73"", ""status"": ""versionado"", ""tamanho_bytes"": ""92597"", ""tipo"": ""pagina_html"", ""url_oficial"": ""https://ufpr.br/observaevasao/""}"
administracao/dados/fontes.csv,19,observatorio-painel.html,administracao/dados/ufpr/fontes/paginas/observatorio-painel.html,,UFPR,https://ufpr.br/observaevasao/painel/,2026-09-04,,pagina_html,administracao/dados/ufpr/fontes/paginas/observatorio-painel.html,f0a5cc85c59f343c2e3a4f0fb04d1939b750634cff4362b49735472837220bef,,,versionado,,,,single-origin,"{""arquivo"": ""observatorio-painel.html"", ""caminho_local"": ""administracao/dados/ufpr/fontes/paginas/observatorio-painel.html"", ""data_consulta"": ""2026-09-04"", ""instituicao"": ""UFPR"", ""sha256"": ""f0a5cc85c59f343c2e3a4f0fb04d1939b750634cff4362b49735472837220bef"", ""status"": ""versionado"", ""tamanho_bytes"": ""71168"", ""tipo"": ""pagina_html"", ""url_oficial"": ""https://ufpr.br/observaevasao/painel/""}"
administracao/dados/fontes.csv,20,planejamento-estrategico-exatas-2016-2020.pdf,administracao/dados/ufpr/fontes/planejamento-estrategico-exatas-2016-2020.pdf,,UFPR,https://exatas.ufpr.br/wp-content/uploads/2019/04/PLANEJAMENTO-ESTRAT%C3%89GICO-ET-2016-2020.pdf,2026-09-04,,documento,administracao/dados/ufpr/fontes/planejamento-estrategico-exatas-2016-2020.pdf,b7055ed06f8ff1ac6035eb2965b53655187c40f518faf46f85331df15cda1b59,,,versionado,,,,single-origin,"{""arquivo"": ""planejamento-estrategico-exatas-2016-2020.pdf"", ""caminho_local"": ""administracao/dados/ufpr/fontes/planejamento-estrategico-exatas-2016-2020.pdf"", ""data_consulta"": ""2026-09-04"", ""instituicao"": ""UFPR"", ""sha256"": ""b7055ed06f8ff1ac6035eb2965b53655187c40f518faf46f85331df15cda1b59"", ""status"": ""versionado"", ""tamanho_bytes"": ""376925"", ""tipo"": ""documento"", ""url_oficial"": ""https://exatas.ufpr.br/wp-content/uploads/2019/04/PLANEJAMENTO-ESTRAT%C3%89GICO-ET-2016-2020.pdf""}"
administracao/dados/fontes.csv,21,relatorio-evasao-analise-modelagem-ufpr-2026.pdf,administracao/dados/ufpr/fontes/relatorio-evasao-analise-modelagem-ufpr-2026.pdf,,UFPR,https://ufpr.br/observaevasao/wp-content/uploads/sites/27/2026/05/relatorio-de-evasao-analise-e-modelagem.pdf,2026-09-04,,documento,administracao/dados/ufpr/fontes/relatorio-evasao-analise-modelagem-ufpr-2026.pdf,a51a500b946ac8717237cd4ec43a7eeb30f203284201c8092ede5e49a94f9194,,,versionado,,administracao/dados/ufpr/fontes/relatorio-evasao-analise-modelagem-ufpr-2026.pdf,status|title|version_or_validity,metadata-differences-not-adjudicated,"{""arquivo"": ""relatorio-evasao-analise-modelagem-ufpr-2026.pdf"", ""caminho_local"": ""administracao/dados/ufpr/fontes/relatorio-evasao-analise-modelagem-ufpr-2026.pdf"", ""data_consulta"": ""2026-09-04"", ""instituicao"": ""UFPR"", ""sha256"": ""a51a500b946ac8717237cd4ec43a7eeb30f203284201c8092ede5e49a94f9194"", ""status"": ""versionado"", ""tamanho_bytes"": ""1391890"", ""tipo"": ""documento"", ""url_oficial"": ""https://ufpr.br/observaevasao/wp-content/uploads/sites/27/2026/05/relatorio-de-evasao-analise-e-modelagem.pdf""}"
administracao/dados/fontes.csv,22,resolucao-04-2019-cepe-vagas-2019-2020.pdf,administracao/dados/ufpr/fontes/resolucao-04-2019-cepe-vagas-2019-2020.pdf,,UFPR,https://soc.ufpr.br/wp-content/uploads/2019/08/Res.-04-19-CEPE-Quadro-de-vagas-processo-seletivo-2019-2020-Alterada-pela-Resolu%C3%A7%C3%A3o-55.19-CEPE.pdf,2026-09-04,,documento,administracao/dados/ufpr/fontes/resolucao-04-2019-cepe-vagas-2019-2020.pdf,9b59680205c030c925d1e0cbc56ad4e89ad2d430228c230e14bc4261d2a75019,,,versionado,,,,single-origin,"{""arquivo"": ""resolucao-04-2019-cepe-vagas-2019-2020.pdf"", ""caminho_local"": ""administracao/dados/ufpr/fontes/resolucao-04-2019-cepe-vagas-2019-2020.pdf"", ""data_consulta"": ""2026-09-04"", ""instituicao"": ""UFPR"", ""sha256"": ""9b59680205c030c925d1e0cbc56ad4e89ad2d430228c230e14bc4261d2a75019"", ""status"": ""versionado"", ""tamanho_bytes"": ""265105"", ""tipo"": ""documento"", ""url_oficial"": ""https://soc.ufpr.br/wp-content/uploads/2019/08/Res.-04-19-CEPE-Quadro-de-vagas-processo-seletivo-2019-2020-Alterada-pela-Resolu%C3%A7%C3%A3o-55.19-CEPE.pdf""}"
administracao/dados/fontes.csv,23,resolucao-06-2024-cepe-vagas-2024-2025.pdf,administracao/dados/ufpr/fontes/resolucao-06-2024-cepe-vagas-2024-2025.pdf,,UFPR,https://soc.ufpr.br/wp-content/uploads/2024/04/RESOLUCAO-No-06-24-CEPE.pdf,2026-09-04,,documento,administracao/dados/ufpr/fontes/resolucao-06-2024-cepe-vagas-2024-2025.pdf,80192700265b59c18d504813d7d3391f03d567681047001f81f56b701bddcff5,,,versionado,,,,single-origin,"{""arquivo"": ""resolucao-06-2024-cepe-vagas-2024-2025.pdf"", ""caminho_local"": ""administracao/dados/ufpr/fontes/resolucao-06-2024-cepe-vagas-2024-2025.pdf"", ""data_consulta"": ""2026-09-04"", ""instituicao"": ""UFPR"", ""sha256"": ""80192700265b59c18d504813d7d3391f03d567681047001f81f56b701bddcff5"", ""status"": ""versionado"", ""tamanho_bytes"": ""1385070"", ""tipo"": ""documento"", ""url_oficial"": ""https://soc.ufpr.br/wp-content/uploads/2024/04/RESOLUCAO-No-06-24-CEPE.pdf""}"
administracao/dados/fontes.csv,24,resolucao-14-2017-cepe-vagas-2017-2018.pdf,administracao/dados/ufpr/fontes/resolucao-14-2017-cepe-vagas-2017-2018.pdf,,UFPR,https://soc.ufpr.br/wp-content/uploads/2020/05/Res.-14-17-CEPE-Quadro-de-vagas-processo-seletivo-2017-2018_altera%C3%A7%C3%A3o-3-pela-Resolu%C3%A7%C3%A3o-n%C2%BA36.17-CEPE.pdf,2026-09-04,,documento,administracao/dados/ufpr/fontes/resolucao-14-2017-cepe-vagas-2017-2018.pdf,9367b16dcae7dcdad43e26bd20f64e985729bb4695deb03505dcad25845280b2,,,versionado,,,,single-origin,"{""arquivo"": ""resolucao-14-2017-cepe-vagas-2017-2018.pdf"", ""caminho_local"": ""administracao/dados/ufpr/fontes/resolucao-14-2017-cepe-vagas-2017-2018.pdf"", ""data_consulta"": ""2026-09-04"", ""instituicao"": ""UFPR"", ""sha256"": ""9367b16dcae7dcdad43e26bd20f64e985729bb4695deb03505dcad25845280b2"", ""status"": ""versionado"", ""tamanho_bytes"": ""268107"", ""tipo"": ""documento"", ""url_oficial"": ""https://soc.ufpr.br/wp-content/uploads/2020/05/Res.-14-17-CEPE-Quadro-de-vagas-processo-seletivo-2017-2018_altera%C3%A7%C3%A3o-3-pela-Resolu%C3%A7%C3%A3o-n%C2%BA36.17-CEPE.pdf""}"
administracao/dados/fontes.csv,25,resolucao-38-2022-cepe-vagas-2022-2023.pdf,administracao/dados/ufpr/fontes/resolucao-38-2022-cepe-vagas-2022-2023.pdf,,UFPR,https://soc.ufpr.br/wp-content/uploads/2022/07/RESOLU%C3%87%C3%83O-N%C2%BA-38-22-alt.-pela-Res.-50-22-CEPE.pdf,2026-09-04,,documento,administracao/dados/ufpr/fontes/resolucao-38-2022-cepe-vagas-2022-2023.pdf,52e34e0c4c064020462a39691edca8e819cd8d0bc5551a697b77505b6477293b,,,versionado,,,,single-origin,"{""arquivo"": ""resolucao-38-2022-cepe-vagas-2022-2023.pdf"", ""caminho_local"": ""administracao/dados/ufpr/fontes/resolucao-38-2022-cepe-vagas-2022-2023.pdf"", ""data_consulta"": ""2026-09-04"", ""instituicao"": ""UFPR"", ""sha256"": ""52e34e0c4c064020462a39691edca8e819cd8d0bc5551a697b77505b6477293b"", ""status"": ""versionado"", ""tamanho_bytes"": ""150603"", ""tipo"": ""documento"", ""url_oficial"": ""https://soc.ufpr.br/wp-content/uploads/2022/07/RESOLU%C3%87%C3%83O-N%C2%BA-38-22-alt.-pela-Res.-50-22-CEPE.pdf""}"
administracao/dados/fontes.csv,26,resolucao-57-2021-cepe-vagas-2021-2022.pdf,administracao/dados/ufpr/fontes/resolucao-57-2021-cepe-vagas-2021-2022.pdf,,UFPR,https://soc.ufpr.br/wp-content/uploads/2021/11/RESOLU%C3%87%C3%83O-N%C2%BA-57-21-CEPE-alterada-pela-Res.-64-21-CEPE.pdf,2026-09-04,,documento,administracao/dados/ufpr/fontes/resolucao-57-2021-cepe-vagas-2021-2022.pdf,595b5077a66f0aee1e95c60b42dd3a68b66a5dc608fec1537ba5dce9e52a6f19,,,versionado,,,,single-origin,"{""arquivo"": ""resolucao-57-2021-cepe-vagas-2021-2022.pdf"", ""caminho_local"": ""administracao/dados/ufpr/fontes/resolucao-57-2021-cepe-vagas-2021-2022.pdf"", ""data_consulta"": ""2026-09-04"", ""instituicao"": ""UFPR"", ""sha256"": ""595b5077a66f0aee1e95c60b42dd3a68b66a5dc608fec1537ba5dce9e52a6f19"", ""status"": ""versionado"", ""tamanho_bytes"": ""1087107"", ""tipo"": ""documento"", ""url_oficial"": ""https://soc.ufpr.br/wp-content/uploads/2021/11/RESOLU%C3%87%C3%83O-N%C2%BA-57-21-CEPE-alterada-pela-Res.-64-21-CEPE.pdf""}"
administracao/dados/fontes.csv,27,resolucao-68-2020-cepe-vagas-2020-2021.pdf,administracao/dados/ufpr/fontes/resolucao-68-2020-cepe-vagas-2020-2021.pdf,,UFPR,https://soc.ufpr.br/wp-content/uploads/2020/11/RESOLU%C3%87%C3%83O-N%C2%BA-68-2020-CEPE-alterada-pela-Res.-85-2020-e-Ad-Referendum-CEPE.pdf,2026-09-04,,documento,administracao/dados/ufpr/fontes/resolucao-68-2020-cepe-vagas-2020-2021.pdf,c4ba184496645bbe954b7ece9a685cd342cddd19a4d4e752a18ca61c23137b2b,,,versionado,,,,single-origin,"{""arquivo"": ""resolucao-68-2020-cepe-vagas-2020-2021.pdf"", ""caminho_local"": ""administracao/dados/ufpr/fontes/resolucao-68-2020-cepe-vagas-2020-2021.pdf"", ""data_consulta"": ""2026-09-04"", ""instituicao"": ""UFPR"", ""sha256"": ""c4ba184496645bbe954b7ece9a685cd342cddd19a4d4e752a18ca61c23137b2b"", ""status"": ""versionado"", ""tamanho_bytes"": ""1070228"", ""tipo"": ""documento"", ""url_oficial"": ""https://soc.ufpr.br/wp-content/uploads/2020/11/RESOLU%C3%87%C3%83O-N%C2%BA-68-2020-CEPE-alterada-pela-Res.-85-2020-e-Ad-Referendum-CEPE.pdf""}"
administracao/dados/fontes.csv,28,Indicadores_Educacionais_Indicadores_Fluxo_Educacao_Superior_2010_2019.zip,administracao/dados/inep/fontes/pacotes/Indicadores_Educacionais_Indicadores_Fluxo_Educacao_Superior_2010_2019.zip,,INEP,https://download.inep.gov.br/informacoes_estatisticas/indicadores_educacionais/Indicadores_Educacionais_Indicadores_Fluxo_Educacao_Superior_2010_2019.zip,2026-09-04,,zip_dados_oficial,administracao/dados/inep/fontes/pacotes/Indicadores_Educacionais_Indicadores_Fluxo_Educacao_Superior_2010_2019.zip,3b860b06d8aeeca28ce7e3d6ae7f367ad537a8737534b16dc62c7498a093ea46,,,versionado_lfs,,administracao/dados/inep/fontes/pacotes/Indicadores_Educacionais_Indicadores_Fluxo_Educacao_Superior_2010_2019.zip,status|title|version_or_validity,metadata-differences-not-adjudicated,"{""arquivo"": ""Indicadores_Educacionais_Indicadores_Fluxo_Educacao_Superior_2010_2019.zip"", ""caminho_local"": ""administracao/dados/inep/fontes/pacotes/Indicadores_Educacionais_Indicadores_Fluxo_Educacao_Superior_2010_2019.zip"", ""data_consulta"": ""2026-09-04"", ""instituicao"": ""INEP"", ""sha256"": ""3b860b06d8aeeca28ce7e3d6ae7f367ad537a8737534b16dc62c7498a093ea46"", ""status"": ""versionado_lfs"", ""tamanho_bytes"": ""55646455"", ""tipo"": ""zip_dados_oficial"", ""url_oficial"": ""https://download.inep.gov.br/informacoes_estatisticas/indicadores_educacionais/Indicadores_Educacionais_Indicadores_Fluxo_Educacao_Superior_2010_2019.zip""}"
administracao/dados/fontes.csv,29,Indicadores_Fluxo_ES_2011_2020.zip,administracao/dados/inep/fontes/pacotes/Indicadores_Fluxo_ES_2011_2020.zip,,INEP,https://download.inep.gov.br/informacoes_estatisticas/indicadores_educacionais/Indicadores_Fluxo_ES_2011_2020.zip,2026-09-04,,zip_dados_oficial,administracao/dados/inep/fontes/pacotes/Indicadores_Fluxo_ES_2011_2020.zip,fd1d513c37948b0e7a9c52cd1ed3c729e289b0b28e1f52467b924d2d88006ea0,,,versionado_lfs,,administracao/dados/inep/fontes/pacotes/Indicadores_Fluxo_ES_2011_2020.zip,status|title|version_or_validity,metadata-differences-not-adjudicated,"{""arquivo"": ""Indicadores_Fluxo_ES_2011_2020.zip"", ""caminho_local"": ""administracao/dados/inep/fontes/pacotes/Indicadores_Fluxo_ES_2011_2020.zip"", ""data_consulta"": ""2026-09-04"", ""instituicao"": ""INEP"", ""sha256"": ""fd1d513c37948b0e7a9c52cd1ed3c729e289b0b28e1f52467b924d2d88006ea0"", ""status"": ""versionado_lfs"", ""tamanho_bytes"": ""56667985"", ""tipo"": ""zip_dados_oficial"", ""url_oficial"": ""https://download.inep.gov.br/informacoes_estatisticas/indicadores_educacionais/Indicadores_Fluxo_ES_2011_2020.zip""}"
administracao/dados/fontes.csv,30,Indicadores_Fluxo_ES_2012_2021.zip,administracao/dados/inep/fontes/pacotes/Indicadores_Fluxo_ES_2012_2021.zip,,INEP,https://download.inep.gov.br/informacoes_estatisticas/indicadores_educacionais/Indicadores_Fluxo_ES_2012_2021.zip,2026-09-04,,zip_dados_oficial,administracao/dados/inep/fontes/pacotes/Indicadores_Fluxo_ES_2012_2021.zip,ad9988da27173ff020818caad12ee3d7ef666ee324c1b9dfabd38e6d4ff6de81,,,versionado_lfs,,administracao/dados/inep/fontes/pacotes/Indicadores_Fluxo_ES_2012_2021.zip,status|title|version_or_validity,metadata-differences-not-adjudicated,"{""arquivo"": ""Indicadores_Fluxo_ES_2012_2021.zip"", ""caminho_local"": ""administracao/dados/inep/fontes/pacotes/Indicadores_Fluxo_ES_2012_2021.zip"", ""data_consulta"": ""2026-09-04"", ""instituicao"": ""INEP"", ""sha256"": ""ad9988da27173ff020818caad12ee3d7ef666ee324c1b9dfabd38e6d4ff6de81"", ""status"": ""versionado_lfs"", ""tamanho_bytes"": ""58750181"", ""tipo"": ""zip_dados_oficial"", ""url_oficial"": ""https://download.inep.gov.br/informacoes_estatisticas/indicadores_educacionais/Indicadores_Fluxo_ES_2012_2021.zip""}"
administracao/dados/fontes.csv,31,indicadores_fluxo_es_2013-2022.zip,administracao/dados/inep/fontes/pacotes/indicadores_fluxo_es_2013-2022.zip,,INEP,https://download.inep.gov.br/informacoes_estatisticas/indicadores_educacionais/indicadores_fluxo_es_2013-2022.zip,2026-09-04,,zip_dados_oficial,administracao/dados/inep/fontes/pacotes/indicadores_fluxo_es_2013-2022.zip,eea6ba4506c85c2c8ea474b07397e743158f8f9963162f9137dadf8aac716320,,,versionado_lfs,,administracao/dados/inep/fontes/pacotes/indicadores_fluxo_es_2013-2022.zip,status|title|version_or_validity,metadata-differences-not-adjudicated,"{""arquivo"": ""indicadores_fluxo_es_2013-2022.zip"", ""caminho_local"": ""administracao/dados/inep/fontes/pacotes/indicadores_fluxo_es_2013-2022.zip"", ""data_consulta"": ""2026-09-04"", ""instituicao"": ""INEP"", ""sha256"": ""eea6ba4506c85c2c8ea474b07397e743158f8f9963162f9137dadf8aac716320"", ""status"": ""versionado_lfs"", ""tamanho_bytes"": ""74403247"", ""tipo"": ""zip_dados_oficial"", ""url_oficial"": ""https://download.inep.gov.br/informacoes_estatisticas/indicadores_educacionais/indicadores_fluxo_es_2013-2022.zip""}"
administracao/dados/fontes.csv,32,indicadores_fluxo_es_2014-2023.zip,administracao/dados/inep/fontes/pacotes/indicadores_fluxo_es_2014-2023.zip,,INEP,https://download.inep.gov.br/informacoes_estatisticas/indicadores_educacionais/indicadores_fluxo_es_2014-2023.zip,2026-09-04,,zip_dados_oficial,administracao/dados/inep/fontes/pacotes/indicadores_fluxo_es_2014-2023.zip,196b0f9338ab67145c02a5f44992cdf6d89292ccf4a7d466763f995e57518a35,,,versionado_lfs,,administracao/dados/inep/fontes/pacotes/indicadores_fluxo_es_2014-2023.zip,status|title|version_or_validity,metadata-differences-not-adjudicated,"{""arquivo"": ""indicadores_fluxo_es_2014-2023.zip"", ""caminho_local"": ""administracao/dados/inep/fontes/pacotes/indicadores_fluxo_es_2014-2023.zip"", ""data_consulta"": ""2026-09-04"", ""instituicao"": ""INEP"", ""sha256"": ""196b0f9338ab67145c02a5f44992cdf6d89292ccf4a7d466763f995e57518a35"", ""status"": ""versionado_lfs"", ""tamanho_bytes"": ""76506611"", ""tipo"": ""zip_dados_oficial"", ""url_oficial"": ""https://download.inep.gov.br/informacoes_estatisticas/indicadores_educacionais/indicadores_fluxo_es_2014-2023.zip""}"
administracao/dados/fontes.csv,33,indicadores_trajetoria_es_2015_2024.zip,administracao/dados/inep/fontes/pacotes/indicadores_trajetoria_es_2015_2024.zip,,INEP,https://download.inep.gov.br/informacoes_estatisticas/indicadores_educacionais/indicadores_trajetoria_es_2015_2024.zip,2026-09-04,,zip_dados_oficial,administracao/dados/inep/fontes/pacotes/indicadores_trajetoria_es_2015_2024.zip,14e6ff92cc9e904c89499b457bc243ee86675638bcbbe57e9f6f7a220ce2f798,,,versionado_lfs,,administracao/dados/inep/fontes/pacotes/indicadores_trajetoria_es_2015_2024.zip,status|title|version_or_validity,metadata-differences-not-adjudicated,"{""arquivo"": ""indicadores_trajetoria_es_2015_2024.zip"", ""caminho_local"": ""administracao/dados/inep/fontes/pacotes/indicadores_trajetoria_es_2015_2024.zip"", ""data_consulta"": ""2026-09-04"", ""instituicao"": ""INEP"", ""sha256"": ""14e6ff92cc9e904c89499b457bc243ee86675638bcbbe57e9f6f7a220ce2f798"", ""status"": ""versionado_lfs"", ""tamanho_bytes"": ""78467594"", ""tipo"": ""zip_dados_oficial"", ""url_oficial"": ""https://download.inep.gov.br/informacoes_estatisticas/indicadores_educacionais/indicadores_trajetoria_es_2015_2024.zip""}"
administracao/dados/fontes.csv,34,indicadores_trajetoria_es_2016_2024.zip,administracao/dados/inep/fontes/pacotes/indicadores_trajetoria_es_2016_2024.zip,,INEP,https://download.inep.gov.br/informacoes_estatisticas/indicadores_educacionais/indicadores_trajetoria_es_2016_2024.zip,2026-09-04,,zip_dados_oficial,administracao/dados/inep/fontes/pacotes/indicadores_trajetoria_es_2016_2024.zip,fcc9f785b1ebecd17f2a75af57e0ef5c45863915ebc4e8796ac89ac3f214397f,,,versionado_lfs,,administracao/dados/inep/fontes/pacotes/indicadores_trajetoria_es_2016_2024.zip,status|title|version_or_validity,metadata-differences-not-adjudicated,"{""arquivo"": ""indicadores_trajetoria_es_2016_2024.zip"", ""caminho_local"": ""administracao/dados/inep/fontes/pacotes/indicadores_trajetoria_es_2016_2024.zip"", ""data_consulta"": ""2026-09-04"", ""instituicao"": ""INEP"", ""sha256"": ""fcc9f785b1ebecd17f2a75af57e0ef5c45863915ebc4e8796ac89ac3f214397f"", ""status"": ""versionado_lfs"", ""tamanho_bytes"": ""75203314"", ""tipo"": ""zip_dados_oficial"", ""url_oficial"": ""https://download.inep.gov.br/informacoes_estatisticas/indicadores_educacionais/indicadores_trajetoria_es_2016_2024.zip""}"
administracao/dados/fontes.csv,35,indicadores_trajetoria_es_2017_2024.zip,administracao/dados/inep/fontes/pacotes/indicadores_trajetoria_es_2017_2024.zip,,INEP,https://download.inep.gov.br/informacoes_estatisticas/indicadores_educacionais/indicadores_trajetoria_es_2017_2024.zip,2026-09-04,,zip_dados_oficial,administracao/dados/inep/fontes/pacotes/indicadores_trajetoria_es_2017_2024.zip,90130f61e9ffb7903456c841d5daf69aec5f7a854726cd26e42022647f9b0540,,,versionado_lfs,,administracao/dados/inep/fontes/pacotes/indicadores_trajetoria_es_2017_2024.zip,status|title|version_or_validity,metadata-differences-not-adjudicated,"{""arquivo"": ""indicadores_trajetoria_es_2017_2024.zip"", ""caminho_local"": ""administracao/dados/inep/fontes/pacotes/indicadores_trajetoria_es_2017_2024.zip"", ""data_consulta"": ""2026-09-04"", ""instituicao"": ""INEP"", ""sha256"": ""90130f61e9ffb7903456c841d5daf69aec5f7a854726cd26e42022647f9b0540"", ""status"": ""versionado_lfs"", ""tamanho_bytes"": ""71826778"", ""tipo"": ""zip_dados_oficial"", ""url_oficial"": ""https://download.inep.gov.br/informacoes_estatisticas/indicadores_educacionais/indicadores_trajetoria_es_2017_2024.zip""}"
administracao/dados/fontes.csv,36,indicadores_trajetoria_es_2018_2024.zip,administracao/dados/inep/fontes/pacotes/indicadores_trajetoria_es_2018_2024.zip,,INEP,https://download.inep.gov.br/informacoes_estatisticas/indicadores_educacionais/indicadores_trajetoria_es_2018_2024.zip,2026-09-04,,zip_dados_oficial,administracao/dados/inep/fontes/pacotes/indicadores_trajetoria_es_2018_2024.zip,44075a164340fda53fb080f9f00eeba8f5bd9bcb8397c0fe4ac801df72758f0b,,,versionado_lfs,,administracao/dados/inep/fontes/pacotes/indicadores_trajetoria_es_2018_2024.zip,status|title|version_or_validity,metadata-differences-not-adjudicated,"{""arquivo"": ""indicadores_trajetoria_es_2018_2024.zip"", ""caminho_local"": ""administracao/dados/inep/fontes/pacotes/indicadores_trajetoria_es_2018_2024.zip"", ""data_consulta"": ""2026-09-04"", ""instituicao"": ""INEP"", ""sha256"": ""44075a164340fda53fb080f9f00eeba8f5bd9bcb8397c0fe4ac801df72758f0b"", ""status"": ""versionado_lfs"", ""tamanho_bytes"": ""67809928"", ""tipo"": ""zip_dados_oficial"", ""url_oficial"": ""https://download.inep.gov.br/informacoes_estatisticas/indicadores_educacionais/indicadores_trajetoria_es_2018_2024.zip""}"
administracao/dados/fontes.csv,37,indicadores_trajetoria_es_2019_2024.zip,administracao/dados/inep/fontes/pacotes/indicadores_trajetoria_es_2019_2024.zip,,INEP,https://download.inep.gov.br/informacoes_estatisticas/indicadores_educacionais/indicadores_trajetoria_es_2019_2024.zip,2026-09-04,,zip_dados_oficial,administracao/dados/inep/fontes/pacotes/indicadores_trajetoria_es_2019_2024.zip,a443cd5c28e38f317130c41381d8c82fad0c33912e292f1900e39bc9abce9eb0,,,versionado_lfs,,administracao/dados/inep/fontes/pacotes/indicadores_trajetoria_es_2019_2024.zip,status|title|version_or_validity,metadata-differences-not-adjudicated,"{""arquivo"": ""indicadores_trajetoria_es_2019_2024.zip"", ""caminho_local"": ""administracao/dados/inep/fontes/pacotes/indicadores_trajetoria_es_2019_2024.zip"", ""data_consulta"": ""2026-09-04"", ""instituicao"": ""INEP"", ""sha256"": ""a443cd5c28e38f317130c41381d8c82fad0c33912e292f1900e39bc9abce9eb0"", ""status"": ""versionado_lfs"", ""tamanho_bytes"": ""61982303"", ""tipo"": ""zip_dados_oficial"", ""url_oficial"": ""https://download.inep.gov.br/informacoes_estatisticas/indicadores_educacionais/indicadores_trajetoria_es_2019_2024.zip""}"
administracao/dados/fontes.csv,38,indicadores_trajetoria_es_2020_2024.zip,administracao/dados/inep/fontes/pacotes/indicadores_trajetoria_es_2020_2024.zip,,INEP,https://download.inep.gov.br/informacoes_estatisticas/indicadores_educacionais/indicadores_trajetoria_es_2020_2024.zip,2026-09-04,,zip_dados_oficial,administracao/dados/inep/fontes/pacotes/indicadores_trajetoria_es_2020_2024.zip,dbdc6793f74f8623ac7d5e1e3202d58e3b63e11d040b84f6be533c0bf97c1d04,,,versionado_lfs,,administracao/dados/inep/fontes/pacotes/indicadores_trajetoria_es_2020_2024.zip,status|title|version_or_validity,metadata-differences-not-adjudicated,"{""arquivo"": ""indicadores_trajetoria_es_2020_2024.zip"", ""caminho_local"": ""administracao/dados/inep/fontes/pacotes/indicadores_trajetoria_es_2020_2024.zip"", ""data_consulta"": ""2026-09-04"", ""instituicao"": ""INEP"", ""sha256"": ""dbdc6793f74f8623ac7d5e1e3202d58e3b63e11d040b84f6be533c0bf97c1d04"", ""status"": ""versionado_lfs"", ""tamanho_bytes"": ""53084022"", ""tipo"": ""zip_dados_oficial"", ""url_oficial"": ""https://download.inep.gov.br/informacoes_estatisticas/indicadores_educacionais/indicadores_trajetoria_es_2020_2024.zip""}"
administracao/dados/fontes.csv,39,indicadores_trajetoria_educacao_superior_2010_2019.xlsx,administracao/dados/inep/fontes/planilhas/indicadores_trajetoria_educacao_superior_2010_2019.xlsx,,INEP,https://download.inep.gov.br/informacoes_estatisticas/indicadores_educacionais/Indicadores_Educacionais_Indicadores_Fluxo_Educacao_Superior_2010_2019.zip,2026-09-04,,planilha_dados_oficial,administracao/dados/inep/fontes/planilhas/indicadores_trajetoria_educacao_superior_2010_2019.xlsx,8317e87af0f7dd72ce83fa095d25c3140ad19dd55841123cfbe75f7d772b8110,,,versionado_lfs,,administracao/dados/inep/fontes/planilhas/indicadores_trajetoria_educacao_superior_2010_2019.xlsx,status|title|version_or_validity,metadata-differences-not-adjudicated,"{""arquivo"": ""indicadores_trajetoria_educacao_superior_2010_2019.xlsx"", ""caminho_local"": ""administracao/dados/inep/fontes/planilhas/indicadores_trajetoria_educacao_superior_2010_2019.xlsx"", ""data_consulta"": ""2026-09-04"", ""instituicao"": ""INEP"", ""sha256"": ""8317e87af0f7dd72ce83fa095d25c3140ad19dd55841123cfbe75f7d772b8110"", ""status"": ""versionado_lfs"", ""tamanho_bytes"": ""39018289"", ""tipo"": ""planilha_dados_oficial"", ""url_oficial"": ""https://download.inep.gov.br/informacoes_estatisticas/indicadores_educacionais/Indicadores_Educacionais_Indicadores_Fluxo_Educacao_Superior_2010_2019.zip""}"
administracao/dados/fontes.csv,40,indicadores_trajetoria_educacao_superior_2011_2020.xlsx,administracao/dados/inep/fontes/planilhas/indicadores_trajetoria_educacao_superior_2011_2020.xlsx,,INEP,https://download.inep.gov.br/informacoes_estatisticas/indicadores_educacionais/Indicadores_Fluxo_ES_2011_2020.zip,2026-09-04,,planilha_dados_oficial,administracao/dados/inep/fontes/planilhas/indicadores_trajetoria_educacao_superior_2011_2020.xlsx,f9c221a075aee4511d10fba33f9080c81a027a9ac661f7ae08547d0c3244be97,,,versionado_lfs,,administracao/dados/inep/fontes/planilhas/indicadores_trajetoria_educacao_superior_2011_2020.xlsx,status|title|version_or_validity,metadata-differences-not-adjudicated,"{""arquivo"": ""indicadores_trajetoria_educacao_superior_2011_2020.xlsx"", ""caminho_local"": ""administracao/dados/inep/fontes/planilhas/indicadores_trajetoria_educacao_superior_2011_2020.xlsx"", ""data_consulta"": ""2026-09-04"", ""instituicao"": ""INEP"", ""sha256"": ""f9c221a075aee4511d10fba33f9080c81a027a9ac661f7ae08547d0c3244be97"", ""status"": ""versionado_lfs"", ""tamanho_bytes"": ""39188791"", ""tipo"": ""planilha_dados_oficial"", ""url_oficial"": ""https://download.inep.gov.br/informacoes_estatisticas/indicadores_educacionais/Indicadores_Fluxo_ES_2011_2020.zip""}"
administracao/dados/fontes.csv,41,indicadores_trajetoria_educacao_superior_2012_2021.xlsx,administracao/dados/inep/fontes/planilhas/indicadores_trajetoria_educacao_superior_2012_2021.xlsx,,INEP,https://download.inep.gov.br/informacoes_estatisticas/indicadores_educacionais/Indicadores_Fluxo_ES_2012_2021.zip,2026-09-04,,planilha_dados_oficial,administracao/dados/inep/fontes/planilhas/indicadores_trajetoria_educacao_superior_2012_2021.xlsx,3738aa6d3c9479695eb1a547684bf9185cdc368de77c0d53cbcd4e77b800dd23,,,versionado_lfs,,administracao/dados/inep/fontes/planilhas/indicadores_trajetoria_educacao_superior_2012_2021.xlsx,status|title|version_or_validity,metadata-differences-not-adjudicated,"{""arquivo"": ""indicadores_trajetoria_educacao_superior_2012_2021.xlsx"", ""caminho_local"": ""administracao/dados/inep/fontes/planilhas/indicadores_trajetoria_educacao_superior_2012_2021.xlsx"", ""data_consulta"": ""2026-09-04"", ""instituicao"": ""INEP"", ""sha256"": ""3738aa6d3c9479695eb1a547684bf9185cdc368de77c0d53cbcd4e77b800dd23"", ""status"": ""versionado_lfs"", ""tamanho_bytes"": ""40705745"", ""tipo"": ""planilha_dados_oficial"", ""url_oficial"": ""https://download.inep.gov.br/informacoes_estatisticas/indicadores_educacionais/Indicadores_Fluxo_ES_2012_2021.zip""}"
administracao/dados/fontes.csv,42,indicadores_trajetoria_educacao_superior_2013_2022.xlsx,administracao/dados/inep/fontes/planilhas/indicadores_trajetoria_educacao_superior_2013_2022.xlsx,,INEP,https://download.inep.gov.br/informacoes_estatisticas/indicadores_educacionais/indicadores_fluxo_es_2013-2022.zip,2026-09-04,,planilha_dados_oficial,administracao/dados/inep/fontes/planilhas/indicadores_trajetoria_educacao_superior_2013_2022.xlsx,d1c49714ba21a5791766a87e9f2c45624b1361769bf346bfdd5ae3c8b42419f5,,,versionado_lfs,,administracao/dados/inep/fontes/planilhas/indicadores_trajetoria_educacao_superior_2013_2022.xlsx,status|title|version_or_validity,metadata-differences-not-adjudicated,"{""arquivo"": ""indicadores_trajetoria_educacao_superior_2013_2022.xlsx"", ""caminho_local"": ""administracao/dados/inep/fontes/planilhas/indicadores_trajetoria_educacao_superior_2013_2022.xlsx"", ""data_consulta"": ""2026-09-04"", ""instituicao"": ""INEP"", ""sha256"": ""d1c49714ba21a5791766a87e9f2c45624b1361769bf346bfdd5ae3c8b42419f5"", ""status"": ""versionado_lfs"", ""tamanho_bytes"": ""40681756"", ""tipo"": ""planilha_dados_oficial"", ""url_oficial"": ""https://download.inep.gov.br/informacoes_estatisticas/indicadores_educacionais/indicadores_fluxo_es_2013-2022.zip""}"
administracao/dados/fontes.csv,43,indicadores_trajetoria_educacao_superior_2014_2023.xlsx,administracao/dados/inep/fontes/planilhas/indicadores_trajetoria_educacao_superior_2014_2023.xlsx,,INEP,https://download.inep.gov.br/informacoes_estatisticas/indicadores_educacionais/indicadores_fluxo_es_2014-2023.zip,2026-09-04,,planilha_dados_oficial,administracao/dados/inep/fontes/planilhas/indicadores_trajetoria_educacao_superior_2014_2023.xlsx,7e7b963517b27580a2b43b951b65eebb45404daab02df4014167a4e77ab743d7,,,versionado_lfs,,administracao/dados/inep/fontes/planilhas/indicadores_trajetoria_educacao_superior_2014_2023.xlsx,status|title|version_or_validity,metadata-differences-not-adjudicated,"{""arquivo"": ""indicadores_trajetoria_educacao_superior_2014_2023.xlsx"", ""caminho_local"": ""administracao/dados/inep/fontes/planilhas/indicadores_trajetoria_educacao_superior_2014_2023.xlsx"", ""data_consulta"": ""2026-09-04"", ""instituicao"": ""INEP"", ""sha256"": ""7e7b963517b27580a2b43b951b65eebb45404daab02df4014167a4e77ab743d7"", ""status"": ""versionado_lfs"", ""tamanho_bytes"": ""41829246"", ""tipo"": ""planilha_dados_oficial"", ""url_oficial"": ""https://download.inep.gov.br/informacoes_estatisticas/indicadores_educacionais/indicadores_fluxo_es_2014-2023.zip""}"
administracao/dados/fontes.csv,44,indicadores_trajetoria_educacao_superior_2015_2024.xlsx,administracao/dados/inep/fontes/planilhas/indicadores_trajetoria_educacao_superior_2015_2024.xlsx,,INEP,https://download.inep.gov.br/informacoes_estatisticas/indicadores_educacionais/indicadores_trajetoria_es_2015_2024.zip,2026-09-04,,planilha_dados_oficial,administracao/dados/inep/fontes/planilhas/indicadores_trajetoria_educacao_superior_2015_2024.xlsx,831fa6adeac46f8610a8715b4df1493784e1b21b5ca2f77eb837ac9f59d573d9,,,versionado_lfs,,administracao/dados/inep/fontes/planilhas/indicadores_trajetoria_educacao_superior_2015_2024.xlsx,status|title|version_or_validity,metadata-differences-not-adjudicated,"{""arquivo"": ""indicadores_trajetoria_educacao_superior_2015_2024.xlsx"", ""caminho_local"": ""administracao/dados/inep/fontes/planilhas/indicadores_trajetoria_educacao_superior_2015_2024.xlsx"", ""data_consulta"": ""2026-09-04"", ""instituicao"": ""INEP"", ""sha256"": ""831fa6adeac46f8610a8715b4df1493784e1b21b5ca2f77eb837ac9f59d573d9"", ""status"": ""versionado_lfs"", ""tamanho_bytes"": ""42805060"", ""tipo"": ""planilha_dados_oficial"", ""url_oficial"": ""https://download.inep.gov.br/informacoes_estatisticas/indicadores_educacionais/indicadores_trajetoria_es_2015_2024.zip""}"
administracao/dados/fontes.csv,45,indicadores_trajetoria_educacao_superior_2016_2024.xlsx,administracao/dados/inep/fontes/planilhas/indicadores_trajetoria_educacao_superior_2016_2024.xlsx,,INEP,https://download.inep.gov.br/informacoes_estatisticas/indicadores_educacionais/indicadores_trajetoria_es_2016_2024.zip,2026-09-04,,planilha_dados_oficial,administracao/dados/inep/fontes/planilhas/indicadores_trajetoria_educacao_superior_2016_2024.xlsx,b9776a782d1a909e75b4eb42fd1d840a42dac4e0e8ae87dbada451f39f347b6a,,,versionado_lfs,,administracao/dados/inep/fontes/planilhas/indicadores_trajetoria_educacao_superior_2016_2024.xlsx,status|title|version_or_validity,metadata-differences-not-adjudicated,"{""arquivo"": ""indicadores_trajetoria_educacao_superior_2016_2024.xlsx"", ""caminho_local"": ""administracao/dados/inep/fontes/planilhas/indicadores_trajetoria_educacao_superior_2016_2024.xlsx"", ""data_consulta"": ""2026-09-04"", ""instituicao"": ""INEP"", ""sha256"": ""b9776a782d1a909e75b4eb42fd1d840a42dac4e0e8ae87dbada451f39f347b6a"", ""status"": ""versionado_lfs"", ""tamanho_bytes"": ""40620613"", ""tipo"": ""planilha_dados_oficial"", ""url_oficial"": ""https://download.inep.gov.br/informacoes_estatisticas/indicadores_educacionais/indicadores_trajetoria_es_2016_2024.zip""}"
administracao/dados/fontes.csv,46,indicadores_trajetoria_educacao_superior_2017_2024.xlsx,administracao/dados/inep/fontes/planilhas/indicadores_trajetoria_educacao_superior_2017_2024.xlsx,,INEP,https://download.inep.gov.br/informacoes_estatisticas/indicadores_educacionais/indicadores_trajetoria_es_2017_2024.zip,2026-09-04,,planilha_dados_oficial,administracao/dados/inep/fontes/planilhas/indicadores_trajetoria_educacao_superior_2017_2024.xlsx,b77ac3e2cc951dfd314bbe7a2fc141f3f2ec39470558674e198f567f8f43dbf1,,,versionado_lfs,,administracao/dados/inep/fontes/planilhas/indicadores_trajetoria_educacao_superior_2017_2024.xlsx,status|title|version_or_validity,metadata-differences-not-adjudicated,"{""arquivo"": ""indicadores_trajetoria_educacao_superior_2017_2024.xlsx"", ""caminho_local"": ""administracao/dados/inep/fontes/planilhas/indicadores_trajetoria_educacao_superior_2017_2024.xlsx"", ""data_consulta"": ""2026-09-04"", ""instituicao"": ""INEP"", ""sha256"": ""b77ac3e2cc951dfd314bbe7a2fc141f3f2ec39470558674e198f567f8f43dbf1"", ""status"": ""versionado_lfs"", ""tamanho_bytes"": ""38668482"", ""tipo"": ""planilha_dados_oficial"", ""url_oficial"": ""https://download.inep.gov.br/informacoes_estatisticas/indicadores_educacionais/indicadores_trajetoria_es_2017_2024.zip""}"
administracao/dados/fontes.csv,47,indicadores_trajetoria_educacao_superior_2018_2024.xlsx,administracao/dados/inep/fontes/planilhas/indicadores_trajetoria_educacao_superior_2018_2024.xlsx,,INEP,https://download.inep.gov.br/informacoes_estatisticas/indicadores_educacionais/indicadores_trajetoria_es_2018_2024.zip,2026-09-04,,planilha_dados_oficial,administracao/dados/inep/fontes/planilhas/indicadores_trajetoria_educacao_superior_2018_2024.xlsx,e710299b0196ed9f87d631295b05cbb6c3381061d6e0693c6917dab83c241009,,,versionado_lfs,,administracao/dados/inep/fontes/planilhas/indicadores_trajetoria_educacao_superior_2018_2024.xlsx,status|title|version_or_validity,metadata-differences-not-adjudicated,"{""arquivo"": ""indicadores_trajetoria_educacao_superior_2018_2024.xlsx"", ""caminho_local"": ""administracao/dados/inep/fontes/planilhas/indicadores_trajetoria_educacao_superior_2018_2024.xlsx"", ""data_consulta"": ""2026-09-04"", ""instituicao"": ""INEP"", ""sha256"": ""e710299b0196ed9f87d631295b05cbb6c3381061d6e0693c6917dab83c241009"", ""status"": ""versionado_lfs"", ""tamanho_bytes"": ""36236397"", ""tipo"": ""planilha_dados_oficial"", ""url_oficial"": ""https://download.inep.gov.br/informacoes_estatisticas/indicadores_educacionais/indicadores_trajetoria_es_2018_2024.zip""}"
administracao/dados/fontes.csv,48,indicadores_trajetoria_educacao_superior_2019_2024.xlsx,administracao/dados/inep/fontes/planilhas/indicadores_trajetoria_educacao_superior_2019_2024.xlsx,,INEP,https://download.inep.gov.br/informacoes_estatisticas/indicadores_educacionais/indicadores_trajetoria_es_2019_2024.zip,2026-09-04,,planilha_dados_oficial,administracao/dados/inep/fontes/planilhas/indicadores_trajetoria_educacao_superior_2019_2024.xlsx,9ef61488ac66604368dd29e03f33831924cd8f8d980137da60527a1d195c9cc3,,,versionado_lfs,,administracao/dados/inep/fontes/planilhas/indicadores_trajetoria_educacao_superior_2019_2024.xlsx,status|title|version_or_validity,metadata-differences-not-adjudicated,"{""arquivo"": ""indicadores_trajetoria_educacao_superior_2019_2024.xlsx"", ""caminho_local"": ""administracao/dados/inep/fontes/planilhas/indicadores_trajetoria_educacao_superior_2019_2024.xlsx"", ""data_consulta"": ""2026-09-04"", ""instituicao"": ""INEP"", ""sha256"": ""9ef61488ac66604368dd29e03f33831924cd8f8d980137da60527a1d195c9cc3"", ""status"": ""versionado_lfs"", ""tamanho_bytes"": ""32872099"", ""tipo"": ""planilha_dados_oficial"", ""url_oficial"": ""https://download.inep.gov.br/informacoes_estatisticas/indicadores_educacionais/indicadores_trajetoria_es_2019_2024.zip""}"
administracao/dados/fontes.csv,49,indicadores_trajetoria_educacao_superior_2020_2024.xlsx,administracao/dados/inep/fontes/planilhas/indicadores_trajetoria_educacao_superior_2020_2024.xlsx,,INEP,https://download.inep.gov.br/informacoes_estatisticas/indicadores_educacionais/indicadores_trajetoria_es_2020_2024.zip,2026-09-04,,planilha_dados_oficial,administracao/dados/inep/fontes/planilhas/indicadores_trajetoria_educacao_superior_2020_2024.xlsx,214a7dacd77875c440ffa0551be11008080d017104ffdd65fce0e362bac22f53,,,versionado_lfs,,administracao/dados/inep/fontes/planilhas/indicadores_trajetoria_educacao_superior_2020_2024.xlsx,status|title|version_or_validity,metadata-differences-not-adjudicated,"{""arquivo"": ""indicadores_trajetoria_educacao_superior_2020_2024.xlsx"", ""caminho_local"": ""administracao/dados/inep/fontes/planilhas/indicadores_trajetoria_educacao_superior_2020_2024.xlsx"", ""data_consulta"": ""2026-09-04"", ""instituicao"": ""INEP"", ""sha256"": ""214a7dacd77875c440ffa0551be11008080d017104ffdd65fce0e362bac22f53"", ""status"": ""versionado_lfs"", ""tamanho_bytes"": ""27740093"", ""tipo"": ""planilha_dados_oficial"", ""url_oficial"": ""https://download.inep.gov.br/informacoes_estatisticas/indicadores_educacionais/indicadores_trajetoria_es_2020_2024.zip""}"
administracao/dados/fontes.csv,50,ps2016_candidato_vaga.html,administracao/dados/ufpr/fontes/nc/ps2016_candidato_vaga.html,,UFPR,https://www.nc.ufpr.br/concursos_institucionais/ufpr/ps2016/candvaga_curso.htm,2026-09-04,,pagina_html,administracao/dados/ufpr/fontes/nc/ps2016_candidato_vaga.html,f623000866243b78136009d1054a80a4d6865caa0a5a1f06f83f90977e1347c2,,,versionado,,administracao/dados/ufpr/fontes/nc/ps2016_candidato_vaga.html,status|title|version_or_validity,metadata-differences-not-adjudicated,"{""arquivo"": ""ps2016_candidato_vaga.html"", ""caminho_local"": ""administracao/dados/ufpr/fontes/nc/ps2016_candidato_vaga.html"", ""data_consulta"": ""2026-09-04"", ""instituicao"": ""UFPR"", ""sha256"": ""f623000866243b78136009d1054a80a4d6865caa0a5a1f06f83f90977e1347c2"", ""status"": ""versionado"", ""tamanho_bytes"": ""122355"", ""tipo"": ""pagina_html"", ""url_oficial"": ""https://www.nc.ufpr.br/concursos_institucionais/ufpr/ps2016/candvaga_curso.htm""}"
administracao/dados/fontes.csv,51,ps2018_candidato_vaga_2fase.html,administracao/dados/ufpr/fontes/nc/ps2018_candidato_vaga_2fase.html,,UFPR,https://servicos.nc.ufpr.br/PortalNC/Concurso?concurso=PS2018,2026-09-04,,pagina_html,administracao/dados/ufpr/fontes/nc/ps2018_candidato_vaga_2fase.html,23995faee49ff1029860b34387e00a84a932b58cf2ee3f1a438dde593f76caa0,,,versionado,,,,single-origin,"{""arquivo"": ""ps2018_candidato_vaga_2fase.html"", ""caminho_local"": ""administracao/dados/ufpr/fontes/nc/ps2018_candidato_vaga_2fase.html"", ""data_consulta"": ""2026-09-04"", ""instituicao"": ""UFPR"", ""sha256"": ""23995faee49ff1029860b34387e00a84a932b58cf2ee3f1a438dde593f76caa0"", ""status"": ""versionado"", ""tamanho_bytes"": ""28594"", ""tipo"": ""pagina_html"", ""url_oficial"": ""https://servicos.nc.ufpr.br/PortalNC/Concurso?concurso=PS2018""}"
administracao/dados/fontes.csv,52,ps2020_candidato_vaga.pdf,administracao/dados/ufpr/fontes/nc/ps2020_candidato_vaga.pdf,,UFPR,https://servicos.nc.ufpr.br/PortalNC/obterDocumento?pub=2401,2026-09-04,,documento,administracao/dados/ufpr/fontes/nc/ps2020_candidato_vaga.pdf,063e343283306fdb30e1b548b96195750c3b3eb77892a4761f196f745d18c3a2,,,versionado,,,,single-origin,"{""arquivo"": ""ps2020_candidato_vaga.pdf"", ""caminho_local"": ""administracao/dados/ufpr/fontes/nc/ps2020_candidato_vaga.pdf"", ""data_consulta"": ""2026-09-04"", ""instituicao"": ""UFPR"", ""sha256"": ""063e343283306fdb30e1b548b96195750c3b3eb77892a4761f196f745d18c3a2"", ""status"": ""versionado"", ""tamanho_bytes"": ""104489"", ""tipo"": ""documento"", ""url_oficial"": ""https://servicos.nc.ufpr.br/PortalNC/obterDocumento?pub=2401""}"
administracao/dados/fontes.csv,53,edital-01-2026-prograp-proplad.pdf,administracao/mec/2026/edital-01-2026-prograp-proplad.pdf,,UFPR,,2026-09-04,,documento,administracao/mec/2026/edital-01-2026-prograp-proplad.pdf,dc8b4a809155f4995224ecc25c71ad873357ff605e04ceb92aaa25b659897a11,,,versionado_origem_fornecida,,administracao/mec/2026/edital-01-2026-prograp-proplad.pdf,source_url|status|version_or_validity,metadata-differences-not-adjudicated,"{""arquivo"": ""edital-01-2026-prograp-proplad.pdf"", ""caminho_local"": ""administracao/mec/2026/edital-01-2026-prograp-proplad.pdf"", ""data_consulta"": ""2026-09-04"", ""instituicao"": ""UFPR"", ""sha256"": ""dc8b4a809155f4995224ecc25c71ad873357ff605e04ceb92aaa25b659897a11"", ""status"": ""versionado_origem_fornecida"", ""tamanho_bytes"": ""304336"", ""tipo"": ""documento"", ""url_oficial"": """"}"
administracao/dados/fontes.csv,54,apendice-b-proposta-informatica-biomedica.pdf,administracao/mec/2026/apendice-b-proposta-informatica-biomedica.pdf,,UFPR,,2026-09-04,,documento,administracao/mec/2026/apendice-b-proposta-informatica-biomedica.pdf,994b17a9b1915a8d0dfc3104d01e7cc4d49b7f85e4002102687ee2e543109052,,,versionado_origem_fornecida,,administracao/mec/2026/apendice-b-proposta-informatica-biomedica.pdf,source_url|status|title|version_or_validity,metadata-differences-not-adjudicated,"{""arquivo"": ""apendice-b-proposta-informatica-biomedica.pdf"", ""caminho_local"": ""administracao/mec/2026/apendice-b-proposta-informatica-biomedica.pdf"", ""data_consulta"": ""2026-09-04"", ""instituicao"": ""UFPR"", ""sha256"": ""994b17a9b1915a8d0dfc3104d01e7cc4d49b7f85e4002102687ee2e543109052"", ""status"": ""versionado_origem_fornecida"", ""tamanho_bytes"": ""297712"", ""tipo"": ""documento"", ""url_oficial"": """"}"
administracao/dados/fontes.csv,55,ufpr-dialogo-edital-01-2026.html,administracao/mec/2026/fontes-complementares/ufpr-dialogo-edital-01-2026.html,,UFPR,https://sociaisaplicadas.ufpr.br/blog/dialogo-sobre-o-edital-01-2026-prograp-proplad/,2026-09-04,,pagina_html,administracao/mec/2026/fontes-complementares/ufpr-dialogo-edital-01-2026.html,7b7649e484c01bc935fdc739b613b7f1989c31b12cfac79400ee022a7f5b1841,,,versionado,,,,single-origin,"{""arquivo"": ""ufpr-dialogo-edital-01-2026.html"", ""caminho_local"": ""administracao/mec/2026/fontes-complementares/ufpr-dialogo-edital-01-2026.html"", ""data_consulta"": ""2026-09-04"", ""instituicao"": ""UFPR"", ""sha256"": ""7b7649e484c01bc935fdc739b613b7f1989c31b12cfac79400ee022a7f5b1841"", ""status"": ""versionado"", ""tamanho_bytes"": ""113667"", ""tipo"": ""pagina_html"", ""url_oficial"": ""https://sociaisaplicadas.ufpr.br/blog/dialogo-sobre-o-edital-01-2026-prograp-proplad/""}"
administracao/dados/inep/fontes/manifesto-fontes-volumosas.csv,2,inep-package-2010-2019,administracao/dados/inep/fontes/pacotes/Indicadores_Educacionais_Indicadores_Fluxo_Educacao_Superior_2010_2019.zip,Indicadores Educacionais - Indicadores de Fluxo da Educação Superior 2010-2019,INEP,https://download.inep.gov.br/informacoes_estatisticas/indicadores_educacionais/Indicadores_Educacionais_Indicadores_Fluxo_Educacao_Superior_2010_2019.zip,2026-09-04,,official_data_package,administracao/dados/inep/fontes/pacotes/Indicadores_Educacionais_Indicadores_Fluxo_Educacao_Superior_2010_2019.zip,3b860b06d8aeeca28ce7e3d6ae7f367ad537a8737534b16dc62c7498a093ea46,2010-2019 cohorts,W006 national input and clean-checkout reproduction,preserved_lfs,Exact W006 SHA-256; TLS validation was unavailable during W008 recapture,administracao/dados/inep/fontes/pacotes/Indicadores_Educacionais_Indicadores_Fluxo_Educacao_Superior_2010_2019.zip,status|title|version_or_validity,metadata-differences-not-adjudicated,"{""accessed_at"": ""2026-09-04"", ""document_date"": """", ""document_type"": ""official_data_package"", ""id"": ""inep-package-2010-2019"", ""institution"": ""INEP"", ""local_path"": ""administracao/dados/inep/fontes/pacotes/Indicadores_Educacionais_Indicadores_Fluxo_Educacao_Superior_2010_2019.zip"", ""notes"": ""Exact W006 SHA-256; TLS validation was unavailable during W008 recapture"", ""purpose"": ""W006 national input and clean-checkout reproduction"", ""sha256"": ""3b860b06d8aeeca28ce7e3d6ae7f367ad537a8737534b16dc62c7498a093ea46"", ""source_url"": ""https://download.inep.gov.br/informacoes_estatisticas/indicadores_educacionais/Indicadores_Educacionais_Indicadores_Fluxo_Educacao_Superior_2010_2019.zip"", ""status"": ""preserved_lfs"", ""title"": ""Indicadores Educacionais - Indicadores de Fluxo da Educação Superior 2010-2019"", ""version_or_validity"": ""2010-2019 cohorts""}"
administracao/dados/inep/fontes/manifesto-fontes-volumosas.csv,3,inep-package-2011-2020,administracao/dados/inep/fontes/pacotes/Indicadores_Fluxo_ES_2011_2020.zip,Indicadores de Fluxo da Educação Superior 2011-2020,INEP,https://download.inep.gov.br/informacoes_estatisticas/indicadores_educacionais/Indicadores_Fluxo_ES_2011_2020.zip,2026-09-04,,official_data_package,administracao/dados/inep/fontes/pacotes/Indicadores_Fluxo_ES_2011_2020.zip,fd1d513c37948b0e7a9c52cd1ed3c729e289b0b28e1f52467b924d2d88006ea0,2011-2020 cohorts,W006 national input and clean-checkout reproduction,preserved_lfs,Exact W006 SHA-256; TLS validation was unavailable during W008 recapture,administracao/dados/inep/fontes/pacotes/Indicadores_Fluxo_ES_2011_2020.zip,status|title|version_or_validity,metadata-differences-not-adjudicated,"{""accessed_at"": ""2026-09-04"", ""document_date"": """", ""document_type"": ""official_data_package"", ""id"": ""inep-package-2011-2020"", ""institution"": ""INEP"", ""local_path"": ""administracao/dados/inep/fontes/pacotes/Indicadores_Fluxo_ES_2011_2020.zip"", ""notes"": ""Exact W006 SHA-256; TLS validation was unavailable during W008 recapture"", ""purpose"": ""W006 national input and clean-checkout reproduction"", ""sha256"": ""fd1d513c37948b0e7a9c52cd1ed3c729e289b0b28e1f52467b924d2d88006ea0"", ""source_url"": ""https://download.inep.gov.br/informacoes_estatisticas/indicadores_educacionais/Indicadores_Fluxo_ES_2011_2020.zip"", ""status"": ""preserved_lfs"", ""title"": ""Indicadores de Fluxo da Educação Superior 2011-2020"", ""version_or_validity"": ""2011-2020 cohorts""}"
administracao/dados/inep/fontes/manifesto-fontes-volumosas.csv,4,inep-package-2012-2021,administracao/dados/inep/fontes/pacotes/Indicadores_Fluxo_ES_2012_2021.zip,Indicadores de Fluxo da Educação Superior 2012-2021,INEP,https://download.inep.gov.br/informacoes_estatisticas/indicadores_educacionais/Indicadores_Fluxo_ES_2012_2021.zip,2026-09-04,,official_data_package,administracao/dados/inep/fontes/pacotes/Indicadores_Fluxo_ES_2012_2021.zip,ad9988da27173ff020818caad12ee3d7ef666ee324c1b9dfabd38e6d4ff6de81,2012-2021 cohorts,W006 national input and clean-checkout reproduction,preserved_lfs,Exact W006 SHA-256; TLS validation was unavailable during W008 recapture,administracao/dados/inep/fontes/pacotes/Indicadores_Fluxo_ES_2012_2021.zip,status|title|version_or_validity,metadata-differences-not-adjudicated,"{""accessed_at"": ""2026-09-04"", ""document_date"": """", ""document_type"": ""official_data_package"", ""id"": ""inep-package-2012-2021"", ""institution"": ""INEP"", ""local_path"": ""administracao/dados/inep/fontes/pacotes/Indicadores_Fluxo_ES_2012_2021.zip"", ""notes"": ""Exact W006 SHA-256; TLS validation was unavailable during W008 recapture"", ""purpose"": ""W006 national input and clean-checkout reproduction"", ""sha256"": ""ad9988da27173ff020818caad12ee3d7ef666ee324c1b9dfabd38e6d4ff6de81"", ""source_url"": ""https://download.inep.gov.br/informacoes_estatisticas/indicadores_educacionais/Indicadores_Fluxo_ES_2012_2021.zip"", ""status"": ""preserved_lfs"", ""title"": ""Indicadores de Fluxo da Educação Superior 2012-2021"", ""version_or_validity"": ""2012-2021 cohorts""}"
administracao/dados/inep/fontes/manifesto-fontes-volumosas.csv,5,inep-package-2013-2022,administracao/dados/inep/fontes/pacotes/indicadores_fluxo_es_2013-2022.zip,Indicadores de Fluxo da Educação Superior 2013-2022,INEP,https://download.inep.gov.br/informacoes_estatisticas/indicadores_educacionais/indicadores_fluxo_es_2013-2022.zip,2026-09-04,,official_data_package,administracao/dados/inep/fontes/pacotes/indicadores_fluxo_es_2013-2022.zip,eea6ba4506c85c2c8ea474b07397e743158f8f9963162f9137dadf8aac716320,2013-2022 cohorts,W006 national input and clean-checkout reproduction,preserved_lfs,Exact W006 SHA-256; TLS validation was unavailable during W008 recapture,administracao/dados/inep/fontes/pacotes/indicadores_fluxo_es_2013-2022.zip,status|title|version_or_validity,metadata-differences-not-adjudicated,"{""accessed_at"": ""2026-09-04"", ""document_date"": """", ""document_type"": ""official_data_package"", ""id"": ""inep-package-2013-2022"", ""institution"": ""INEP"", ""local_path"": ""administracao/dados/inep/fontes/pacotes/indicadores_fluxo_es_2013-2022.zip"", ""notes"": ""Exact W006 SHA-256; TLS validation was unavailable during W008 recapture"", ""purpose"": ""W006 national input and clean-checkout reproduction"", ""sha256"": ""eea6ba4506c85c2c8ea474b07397e743158f8f9963162f9137dadf8aac716320"", ""source_url"": ""https://download.inep.gov.br/informacoes_estatisticas/indicadores_educacionais/indicadores_fluxo_es_2013-2022.zip"", ""status"": ""preserved_lfs"", ""title"": ""Indicadores de Fluxo da Educação Superior 2013-2022"", ""version_or_validity"": ""2013-2022 cohorts""}"
administracao/dados/inep/fontes/manifesto-fontes-volumosas.csv,6,inep-package-2014-2023,administracao/dados/inep/fontes/pacotes/indicadores_fluxo_es_2014-2023.zip,Indicadores de Fluxo da Educação Superior 2014-2023,INEP,https://download.inep.gov.br/informacoes_estatisticas/indicadores_educacionais/indicadores_fluxo_es_2014-2023.zip,2026-09-04,,official_data_package,administracao/dados/inep/fontes/pacotes/indicadores_fluxo_es_2014-2023.zip,196b0f9338ab67145c02a5f44992cdf6d89292ccf4a7d466763f995e57518a35,2014-2023 cohorts,W006 national input and clean-checkout reproduction,preserved_lfs,Exact W006 SHA-256; TLS validation was unavailable during W008 recapture,administracao/dados/inep/fontes/pacotes/indicadores_fluxo_es_2014-2023.zip,status|title|version_or_validity,metadata-differences-not-adjudicated,"{""accessed_at"": ""2026-09-04"", ""document_date"": """", ""document_type"": ""official_data_package"", ""id"": ""inep-package-2014-2023"", ""institution"": ""INEP"", ""local_path"": ""administracao/dados/inep/fontes/pacotes/indicadores_fluxo_es_2014-2023.zip"", ""notes"": ""Exact W006 SHA-256; TLS validation was unavailable during W008 recapture"", ""purpose"": ""W006 national input and clean-checkout reproduction"", ""sha256"": ""196b0f9338ab67145c02a5f44992cdf6d89292ccf4a7d466763f995e57518a35"", ""source_url"": ""https://download.inep.gov.br/informacoes_estatisticas/indicadores_educacionais/indicadores_fluxo_es_2014-2023.zip"", ""status"": ""preserved_lfs"", ""title"": ""Indicadores de Fluxo da Educação Superior 2014-2023"", ""version_or_validity"": ""2014-2023 cohorts""}"
administracao/dados/inep/fontes/manifesto-fontes-volumosas.csv,7,inep-package-2015-2024,administracao/dados/inep/fontes/pacotes/indicadores_trajetoria_es_2015_2024.zip,Indicadores de Trajetória da Educação Superior 2015-2024,INEP,https://download.inep.gov.br/informacoes_estatisticas/indicadores_educacionais/indicadores_trajetoria_es_2015_2024.zip,2026-09-04,,official_data_package,administracao/dados/inep/fontes/pacotes/indicadores_trajetoria_es_2015_2024.zip,14e6ff92cc9e904c89499b457bc243ee86675638bcbbe57e9f6f7a220ce2f798,2015-2024 cohorts,W006 national input and clean-checkout reproduction,preserved_lfs,Exact W006 SHA-256; TLS validation was unavailable during W008 recapture,administracao/dados/inep/fontes/pacotes/indicadores_trajetoria_es_2015_2024.zip,status|title|version_or_validity,metadata-differences-not-adjudicated,"{""accessed_at"": ""2026-09-04"", ""document_date"": """", ""document_type"": ""official_data_package"", ""id"": ""inep-package-2015-2024"", ""institution"": ""INEP"", ""local_path"": ""administracao/dados/inep/fontes/pacotes/indicadores_trajetoria_es_2015_2024.zip"", ""notes"": ""Exact W006 SHA-256; TLS validation was unavailable during W008 recapture"", ""purpose"": ""W006 national input and clean-checkout reproduction"", ""sha256"": ""14e6ff92cc9e904c89499b457bc243ee86675638bcbbe57e9f6f7a220ce2f798"", ""source_url"": ""https://download.inep.gov.br/informacoes_estatisticas/indicadores_educacionais/indicadores_trajetoria_es_2015_2024.zip"", ""status"": ""preserved_lfs"", ""title"": ""Indicadores de Trajetória da Educação Superior 2015-2024"", ""version_or_validity"": ""2015-2024 cohorts""}"
administracao/dados/inep/fontes/manifesto-fontes-volumosas.csv,8,inep-package-2016-2024,administracao/dados/inep/fontes/pacotes/indicadores_trajetoria_es_2016_2024.zip,Indicadores de Trajetória da Educação Superior 2016-2024,INEP,https://download.inep.gov.br/informacoes_estatisticas/indicadores_educacionais/indicadores_trajetoria_es_2016_2024.zip,2026-09-04,,official_data_package,administracao/dados/inep/fontes/pacotes/indicadores_trajetoria_es_2016_2024.zip,fcc9f785b1ebecd17f2a75af57e0ef5c45863915ebc4e8796ac89ac3f214397f,2016-2024 cohorts,W006 national input and clean-checkout reproduction,preserved_lfs,Exact W006 SHA-256; TLS validation was unavailable during W008 recapture,administracao/dados/inep/fontes/pacotes/indicadores_trajetoria_es_2016_2024.zip,status|title|version_or_validity,metadata-differences-not-adjudicated,"{""accessed_at"": ""2026-09-04"", ""document_date"": """", ""document_type"": ""official_data_package"", ""id"": ""inep-package-2016-2024"", ""institution"": ""INEP"", ""local_path"": ""administracao/dados/inep/fontes/pacotes/indicadores_trajetoria_es_2016_2024.zip"", ""notes"": ""Exact W006 SHA-256; TLS validation was unavailable during W008 recapture"", ""purpose"": ""W006 national input and clean-checkout reproduction"", ""sha256"": ""fcc9f785b1ebecd17f2a75af57e0ef5c45863915ebc4e8796ac89ac3f214397f"", ""source_url"": ""https://download.inep.gov.br/informacoes_estatisticas/indicadores_educacionais/indicadores_trajetoria_es_2016_2024.zip"", ""status"": ""preserved_lfs"", ""title"": ""Indicadores de Trajetória da Educação Superior 2016-2024"", ""version_or_validity"": ""2016-2024 cohorts""}"
administracao/dados/inep/fontes/manifesto-fontes-volumosas.csv,9,inep-package-2017-2024,administracao/dados/inep/fontes/pacotes/indicadores_trajetoria_es_2017_2024.zip,Indicadores de Trajetória da Educação Superior 2017-2024,INEP,https://download.inep.gov.br/informacoes_estatisticas/indicadores_educacionais/indicadores_trajetoria_es_2017_2024.zip,2026-09-04,,official_data_package,administracao/dados/inep/fontes/pacotes/indicadores_trajetoria_es_2017_2024.zip,90130f61e9ffb7903456c841d5daf69aec5f7a854726cd26e42022647f9b0540,2017-2024 cohorts,W006 national input and clean-checkout reproduction,preserved_lfs,Exact W006 SHA-256; TLS validation was unavailable during W008 recapture,administracao/dados/inep/fontes/pacotes/indicadores_trajetoria_es_2017_2024.zip,status|title|version_or_validity,metadata-differences-not-adjudicated,"{""accessed_at"": ""2026-09-04"", ""document_date"": """", ""document_type"": ""official_data_package"", ""id"": ""inep-package-2017-2024"", ""institution"": ""INEP"", ""local_path"": ""administracao/dados/inep/fontes/pacotes/indicadores_trajetoria_es_2017_2024.zip"", ""notes"": ""Exact W006 SHA-256; TLS validation was unavailable during W008 recapture"", ""purpose"": ""W006 national input and clean-checkout reproduction"", ""sha256"": ""90130f61e9ffb7903456c841d5daf69aec5f7a854726cd26e42022647f9b0540"", ""source_url"": ""https://download.inep.gov.br/informacoes_estatisticas/indicadores_educacionais/indicadores_trajetoria_es_2017_2024.zip"", ""status"": ""preserved_lfs"", ""title"": ""Indicadores de Trajetória da Educação Superior 2017-2024"", ""version_or_validity"": ""2017-2024 cohorts""}"
administracao/dados/inep/fontes/manifesto-fontes-volumosas.csv,10,inep-package-2018-2024,administracao/dados/inep/fontes/pacotes/indicadores_trajetoria_es_2018_2024.zip,Indicadores de Trajetória da Educação Superior 2018-2024,INEP,https://download.inep.gov.br/informacoes_estatisticas/indicadores_educacionais/indicadores_trajetoria_es_2018_2024.zip,2026-09-04,,official_data_package,administracao/dados/inep/fontes/pacotes/indicadores_trajetoria_es_2018_2024.zip,44075a164340fda53fb080f9f00eeba8f5bd9bcb8397c0fe4ac801df72758f0b,2018-2024 cohorts,W006 national input and clean-checkout reproduction,preserved_lfs,Exact W006 SHA-256; TLS validation was unavailable during W008 recapture,administracao/dados/inep/fontes/pacotes/indicadores_trajetoria_es_2018_2024.zip,status|title|version_or_validity,metadata-differences-not-adjudicated,"{""accessed_at"": ""2026-09-04"", ""document_date"": """", ""document_type"": ""official_data_package"", ""id"": ""inep-package-2018-2024"", ""institution"": ""INEP"", ""local_path"": ""administracao/dados/inep/fontes/pacotes/indicadores_trajetoria_es_2018_2024.zip"", ""notes"": ""Exact W006 SHA-256; TLS validation was unavailable during W008 recapture"", ""purpose"": ""W006 national input and clean-checkout reproduction"", ""sha256"": ""44075a164340fda53fb080f9f00eeba8f5bd9bcb8397c0fe4ac801df72758f0b"", ""source_url"": ""https://download.inep.gov.br/informacoes_estatisticas/indicadores_educacionais/indicadores_trajetoria_es_2018_2024.zip"", ""status"": ""preserved_lfs"", ""title"": ""Indicadores de Trajetória da Educação Superior 2018-2024"", ""version_or_validity"": ""2018-2024 cohorts""}"
administracao/dados/inep/fontes/manifesto-fontes-volumosas.csv,11,inep-package-2019-2024,administracao/dados/inep/fontes/pacotes/indicadores_trajetoria_es_2019_2024.zip,Indicadores de Trajetória da Educação Superior 2019-2024,INEP,https://download.inep.gov.br/informacoes_estatisticas/indicadores_educacionais/indicadores_trajetoria_es_2019_2024.zip,2026-09-04,,official_data_package,administracao/dados/inep/fontes/pacotes/indicadores_trajetoria_es_2019_2024.zip,a443cd5c28e38f317130c41381d8c82fad0c33912e292f1900e39bc9abce9eb0,2019-2024 cohorts,W006 national input and clean-checkout reproduction,preserved_lfs,Exact W006 SHA-256; TLS validation was unavailable during W008 recapture,administracao/dados/inep/fontes/pacotes/indicadores_trajetoria_es_2019_2024.zip,status|title|version_or_validity,metadata-differences-not-adjudicated,"{""accessed_at"": ""2026-09-04"", ""document_date"": """", ""document_type"": ""official_data_package"", ""id"": ""inep-package-2019-2024"", ""institution"": ""INEP"", ""local_path"": ""administracao/dados/inep/fontes/pacotes/indicadores_trajetoria_es_2019_2024.zip"", ""notes"": ""Exact W006 SHA-256; TLS validation was unavailable during W008 recapture"", ""purpose"": ""W006 national input and clean-checkout reproduction"", ""sha256"": ""a443cd5c28e38f317130c41381d8c82fad0c33912e292f1900e39bc9abce9eb0"", ""source_url"": ""https://download.inep.gov.br/informacoes_estatisticas/indicadores_educacionais/indicadores_trajetoria_es_2019_2024.zip"", ""status"": ""preserved_lfs"", ""title"": ""Indicadores de Trajetória da Educação Superior 2019-2024"", ""version_or_validity"": ""2019-2024 cohorts""}"
administracao/dados/inep/fontes/manifesto-fontes-volumosas.csv,12,inep-package-2020-2024,administracao/dados/inep/fontes/pacotes/indicadores_trajetoria_es_2020_2024.zip,Indicadores de Trajetória da Educação Superior 2020-2024,INEP,https://download.inep.gov.br/informacoes_estatisticas/indicadores_educacionais/indicadores_trajetoria_es_2020_2024.zip,2026-09-04,,official_data_package,administracao/dados/inep/fontes/pacotes/indicadores_trajetoria_es_2020_2024.zip,dbdc6793f74f8623ac7d5e1e3202d58e3b63e11d040b84f6be533c0bf97c1d04,2020-2024 cohorts,W006 national input and clean-checkout reproduction,preserved_lfs,Exact W006 SHA-256; TLS validation was unavailable during W008 recapture,administracao/dados/inep/fontes/pacotes/indicadores_trajetoria_es_2020_2024.zip,status|title|version_or_validity,metadata-differences-not-adjudicated,"{""accessed_at"": ""2026-09-04"", ""document_date"": """", ""document_type"": ""official_data_package"", ""id"": ""inep-package-2020-2024"", ""institution"": ""INEP"", ""local_path"": ""administracao/dados/inep/fontes/pacotes/indicadores_trajetoria_es_2020_2024.zip"", ""notes"": ""Exact W006 SHA-256; TLS validation was unavailable during W008 recapture"", ""purpose"": ""W006 national input and clean-checkout reproduction"", ""sha256"": ""dbdc6793f74f8623ac7d5e1e3202d58e3b63e11d040b84f6be533c0bf97c1d04"", ""source_url"": ""https://download.inep.gov.br/informacoes_estatisticas/indicadores_educacionais/indicadores_trajetoria_es_2020_2024.zip"", ""status"": ""preserved_lfs"", ""title"": ""Indicadores de Trajetória da Educação Superior 2020-2024"", ""version_or_validity"": ""2020-2024 cohorts""}"
administracao/dados/inep/fontes/manifesto-fontes-volumosas.csv,13,inep-spreadsheet-2010-2019,administracao/dados/inep/fontes/planilhas/indicadores_trajetoria_educacao_superior_2010_2019.xlsx,Indicadores de Trajetória da Educação Superior 2010-2019 - XLSX,INEP,https://download.inep.gov.br/informacoes_estatisticas/indicadores_educacionais/Indicadores_Educacionais_Indicadores_Fluxo_Educacao_Superior_2010_2019.zip,2026-09-04,,official_extracted_spreadsheet,administracao/dados/inep/fontes/planilhas/indicadores_trajetoria_educacao_superior_2010_2019.xlsx,8317e87af0f7dd72ce83fa095d25c3140ad19dd55841123cfbe75f7d772b8110,2010-2019 cohorts,Exact spreadsheet used by W006 extraction,preserved_lfs,Exact ZIP member; official MD5 8299fdc7b2ddfa9c6c80098e178e9f82,administracao/dados/inep/fontes/planilhas/indicadores_trajetoria_educacao_superior_2010_2019.xlsx,status|title|version_or_validity,metadata-differences-not-adjudicated,"{""accessed_at"": ""2026-09-04"", ""document_date"": """", ""document_type"": ""official_extracted_spreadsheet"", ""id"": ""inep-spreadsheet-2010-2019"", ""institution"": ""INEP"", ""local_path"": ""administracao/dados/inep/fontes/planilhas/indicadores_trajetoria_educacao_superior_2010_2019.xlsx"", ""notes"": ""Exact ZIP member; official MD5 8299fdc7b2ddfa9c6c80098e178e9f82"", ""purpose"": ""Exact spreadsheet used by W006 extraction"", ""sha256"": ""8317e87af0f7dd72ce83fa095d25c3140ad19dd55841123cfbe75f7d772b8110"", ""source_url"": ""https://download.inep.gov.br/informacoes_estatisticas/indicadores_educacionais/Indicadores_Educacionais_Indicadores_Fluxo_Educacao_Superior_2010_2019.zip"", ""status"": ""preserved_lfs"", ""title"": ""Indicadores de Trajetória da Educação Superior 2010-2019 - XLSX"", ""version_or_validity"": ""2010-2019 cohorts""}"
administracao/dados/inep/fontes/manifesto-fontes-volumosas.csv,14,inep-spreadsheet-2011-2020,administracao/dados/inep/fontes/planilhas/indicadores_trajetoria_educacao_superior_2011_2020.xlsx,Indicadores de Trajetória da Educação Superior 2011-2020 - XLSX,INEP,https://download.inep.gov.br/informacoes_estatisticas/indicadores_educacionais/Indicadores_Fluxo_ES_2011_2020.zip,2026-09-04,,official_extracted_spreadsheet,administracao/dados/inep/fontes/planilhas/indicadores_trajetoria_educacao_superior_2011_2020.xlsx,f9c221a075aee4511d10fba33f9080c81a027a9ac661f7ae08547d0c3244be97,2011-2020 cohorts,Exact spreadsheet used by W006 extraction,preserved_lfs,Exact ZIP member; official MD5 4ac7a7c366665386679182fc05216b3f,administracao/dados/inep/fontes/planilhas/indicadores_trajetoria_educacao_superior_2011_2020.xlsx,status|title|version_or_validity,metadata-differences-not-adjudicated,"{""accessed_at"": ""2026-09-04"", ""document_date"": """", ""document_type"": ""official_extracted_spreadsheet"", ""id"": ""inep-spreadsheet-2011-2020"", ""institution"": ""INEP"", ""local_path"": ""administracao/dados/inep/fontes/planilhas/indicadores_trajetoria_educacao_superior_2011_2020.xlsx"", ""notes"": ""Exact ZIP member; official MD5 4ac7a7c366665386679182fc05216b3f"", ""purpose"": ""Exact spreadsheet used by W006 extraction"", ""sha256"": ""f9c221a075aee4511d10fba33f9080c81a027a9ac661f7ae08547d0c3244be97"", ""source_url"": ""https://download.inep.gov.br/informacoes_estatisticas/indicadores_educacionais/Indicadores_Fluxo_ES_2011_2020.zip"", ""status"": ""preserved_lfs"", ""title"": ""Indicadores de Trajetória da Educação Superior 2011-2020 - XLSX"", ""version_or_validity"": ""2011-2020 cohorts""}"
administracao/dados/inep/fontes/manifesto-fontes-volumosas.csv,15,inep-spreadsheet-2012-2021,administracao/dados/inep/fontes/planilhas/indicadores_trajetoria_educacao_superior_2012_2021.xlsx,Indicadores de Trajetória da Educação Superior 2012-2021 - XLSX,INEP,https://download.inep.gov.br/informacoes_estatisticas/indicadores_educacionais/Indicadores_Fluxo_ES_2012_2021.zip,2026-09-04,,official_extracted_spreadsheet,administracao/dados/inep/fontes/planilhas/indicadores_trajetoria_educacao_superior_2012_2021.xlsx,3738aa6d3c9479695eb1a547684bf9185cdc368de77c0d53cbcd4e77b800dd23,2012-2021 cohorts,Exact spreadsheet used by W006 extraction,preserved_lfs,Exact ZIP member; official MD5 19bdf0fa6a5cd2c40377d072fc2cecb6,administracao/dados/inep/fontes/planilhas/indicadores_trajetoria_educacao_superior_2012_2021.xlsx,status|title|version_or_validity,metadata-differences-not-adjudicated,"{""accessed_at"": ""2026-09-04"", ""document_date"": """", ""document_type"": ""official_extracted_spreadsheet"", ""id"": ""inep-spreadsheet-2012-2021"", ""institution"": ""INEP"", ""local_path"": ""administracao/dados/inep/fontes/planilhas/indicadores_trajetoria_educacao_superior_2012_2021.xlsx"", ""notes"": ""Exact ZIP member; official MD5 19bdf0fa6a5cd2c40377d072fc2cecb6"", ""purpose"": ""Exact spreadsheet used by W006 extraction"", ""sha256"": ""3738aa6d3c9479695eb1a547684bf9185cdc368de77c0d53cbcd4e77b800dd23"", ""source_url"": ""https://download.inep.gov.br/informacoes_estatisticas/indicadores_educacionais/Indicadores_Fluxo_ES_2012_2021.zip"", ""status"": ""preserved_lfs"", ""title"": ""Indicadores de Trajetória da Educação Superior 2012-2021 - XLSX"", ""version_or_validity"": ""2012-2021 cohorts""}"
administracao/dados/inep/fontes/manifesto-fontes-volumosas.csv,16,inep-spreadsheet-2013-2022,administracao/dados/inep/fontes/planilhas/indicadores_trajetoria_educacao_superior_2013_2022.xlsx,Indicadores de Trajetória da Educação Superior 2013-2022 - XLSX,INEP,https://download.inep.gov.br/informacoes_estatisticas/indicadores_educacionais/indicadores_fluxo_es_2013-2022.zip,2026-09-04,,official_extracted_spreadsheet,administracao/dados/inep/fontes/planilhas/indicadores_trajetoria_educacao_superior_2013_2022.xlsx,d1c49714ba21a5791766a87e9f2c45624b1361769bf346bfdd5ae3c8b42419f5,2013-2022 cohorts,Exact spreadsheet used by W006 extraction,preserved_lfs,Exact ZIP member; official MD5 c40daf2e042ef740b99367c52bf003ba,administracao/dados/inep/fontes/planilhas/indicadores_trajetoria_educacao_superior_2013_2022.xlsx,status|title|version_or_validity,metadata-differences-not-adjudicated,"{""accessed_at"": ""2026-09-04"", ""document_date"": """", ""document_type"": ""official_extracted_spreadsheet"", ""id"": ""inep-spreadsheet-2013-2022"", ""institution"": ""INEP"", ""local_path"": ""administracao/dados/inep/fontes/planilhas/indicadores_trajetoria_educacao_superior_2013_2022.xlsx"", ""notes"": ""Exact ZIP member; official MD5 c40daf2e042ef740b99367c52bf003ba"", ""purpose"": ""Exact spreadsheet used by W006 extraction"", ""sha256"": ""d1c49714ba21a5791766a87e9f2c45624b1361769bf346bfdd5ae3c8b42419f5"", ""source_url"": ""https://download.inep.gov.br/informacoes_estatisticas/indicadores_educacionais/indicadores_fluxo_es_2013-2022.zip"", ""status"": ""preserved_lfs"", ""title"": ""Indicadores de Trajetória da Educação Superior 2013-2022 - XLSX"", ""version_or_validity"": ""2013-2022 cohorts""}"
administracao/dados/inep/fontes/manifesto-fontes-volumosas.csv,17,inep-spreadsheet-2014-2023,administracao/dados/inep/fontes/planilhas/indicadores_trajetoria_educacao_superior_2014_2023.xlsx,Indicadores de Trajetória da Educação Superior 2014-2023 - XLSX,INEP,https://download.inep.gov.br/informacoes_estatisticas/indicadores_educacionais/indicadores_fluxo_es_2014-2023.zip,2026-09-04,,official_extracted_spreadsheet,administracao/dados/inep/fontes/planilhas/indicadores_trajetoria_educacao_superior_2014_2023.xlsx,7e7b963517b27580a2b43b951b65eebb45404daab02df4014167a4e77ab743d7,2014-2023 cohorts,Exact spreadsheet used by W006 extraction,preserved_lfs,Exact ZIP member; official MD5 19ac7c16ede4ff8bdd1fd23d2b49455d,administracao/dados/inep/fontes/planilhas/indicadores_trajetoria_educacao_superior_2014_2023.xlsx,status|title|version_or_validity,metadata-differences-not-adjudicated,"{""accessed_at"": ""2026-09-04"", ""document_date"": """", ""document_type"": ""official_extracted_spreadsheet"", ""id"": ""inep-spreadsheet-2014-2023"", ""institution"": ""INEP"", ""local_path"": ""administracao/dados/inep/fontes/planilhas/indicadores_trajetoria_educacao_superior_2014_2023.xlsx"", ""notes"": ""Exact ZIP member; official MD5 19ac7c16ede4ff8bdd1fd23d2b49455d"", ""purpose"": ""Exact spreadsheet used by W006 extraction"", ""sha256"": ""7e7b963517b27580a2b43b951b65eebb45404daab02df4014167a4e77ab743d7"", ""source_url"": ""https://download.inep.gov.br/informacoes_estatisticas/indicadores_educacionais/indicadores_fluxo_es_2014-2023.zip"", ""status"": ""preserved_lfs"", ""title"": ""Indicadores de Trajetória da Educação Superior 2014-2023 - XLSX"", ""version_or_validity"": ""2014-2023 cohorts""}"
administracao/dados/inep/fontes/manifesto-fontes-volumosas.csv,18,inep-spreadsheet-2015-2024,administracao/dados/inep/fontes/planilhas/indicadores_trajetoria_educacao_superior_2015_2024.xlsx,Indicadores de Trajetória da Educação Superior 2015-2024 - XLSX,INEP,https://download.inep.gov.br/informacoes_estatisticas/indicadores_educacionais/indicadores_trajetoria_es_2015_2024.zip,2026-09-04,,official_extracted_spreadsheet,administracao/dados/inep/fontes/planilhas/indicadores_trajetoria_educacao_superior_2015_2024.xlsx,831fa6adeac46f8610a8715b4df1493784e1b21b5ca2f77eb837ac9f59d573d9,2015-2024 cohorts,Exact spreadsheet used by W006 extraction,preserved_lfs,Exact ZIP member; official MD5 7d3de477baea4c6ee30f91413da20d69,administracao/dados/inep/fontes/planilhas/indicadores_trajetoria_educacao_superior_2015_2024.xlsx,status|title|version_or_validity,metadata-differences-not-adjudicated,"{""accessed_at"": ""2026-09-04"", ""document_date"": """", ""document_type"": ""official_extracted_spreadsheet"", ""id"": ""inep-spreadsheet-2015-2024"", ""institution"": ""INEP"", ""local_path"": ""administracao/dados/inep/fontes/planilhas/indicadores_trajetoria_educacao_superior_2015_2024.xlsx"", ""notes"": ""Exact ZIP member; official MD5 7d3de477baea4c6ee30f91413da20d69"", ""purpose"": ""Exact spreadsheet used by W006 extraction"", ""sha256"": ""831fa6adeac46f8610a8715b4df1493784e1b21b5ca2f77eb837ac9f59d573d9"", ""source_url"": ""https://download.inep.gov.br/informacoes_estatisticas/indicadores_educacionais/indicadores_trajetoria_es_2015_2024.zip"", ""status"": ""preserved_lfs"", ""title"": ""Indicadores de Trajetória da Educação Superior 2015-2024 - XLSX"", ""version_or_validity"": ""2015-2024 cohorts""}"
administracao/dados/inep/fontes/manifesto-fontes-volumosas.csv,19,inep-spreadsheet-2016-2024,administracao/dados/inep/fontes/planilhas/indicadores_trajetoria_educacao_superior_2016_2024.xlsx,Indicadores de Trajetória da Educação Superior 2016-2024 - XLSX,INEP,https://download.inep.gov.br/informacoes_estatisticas/indicadores_educacionais/indicadores_trajetoria_es_2016_2024.zip,2026-09-04,,official_extracted_spreadsheet,administracao/dados/inep/fontes/planilhas/indicadores_trajetoria_educacao_superior_2016_2024.xlsx,b9776a782d1a909e75b4eb42fd1d840a42dac4e0e8ae87dbada451f39f347b6a,2016-2024 cohorts,Exact spreadsheet used by W006 extraction,preserved_lfs,Exact ZIP member; official MD5 78aaa735e40af9887f20c92f57666069,administracao/dados/inep/fontes/planilhas/indicadores_trajetoria_educacao_superior_2016_2024.xlsx,status|title|version_or_validity,metadata-differences-not-adjudicated,"{""accessed_at"": ""2026-09-04"", ""document_date"": """", ""document_type"": ""official_extracted_spreadsheet"", ""id"": ""inep-spreadsheet-2016-2024"", ""institution"": ""INEP"", ""local_path"": ""administracao/dados/inep/fontes/planilhas/indicadores_trajetoria_educacao_superior_2016_2024.xlsx"", ""notes"": ""Exact ZIP member; official MD5 78aaa735e40af9887f20c92f57666069"", ""purpose"": ""Exact spreadsheet used by W006 extraction"", ""sha256"": ""b9776a782d1a909e75b4eb42fd1d840a42dac4e0e8ae87dbada451f39f347b6a"", ""source_url"": ""https://download.inep.gov.br/informacoes_estatisticas/indicadores_educacionais/indicadores_trajetoria_es_2016_2024.zip"", ""status"": ""preserved_lfs"", ""title"": ""Indicadores de Trajetória da Educação Superior 2016-2024 - XLSX"", ""version_or_validity"": ""2016-2024 cohorts""}"
administracao/dados/inep/fontes/manifesto-fontes-volumosas.csv,20,inep-spreadsheet-2017-2024,administracao/dados/inep/fontes/planilhas/indicadores_trajetoria_educacao_superior_2017_2024.xlsx,Indicadores de Trajetória da Educação Superior 2017-2024 - XLSX,INEP,https://download.inep.gov.br/informacoes_estatisticas/indicadores_educacionais/indicadores_trajetoria_es_2017_2024.zip,2026-09-04,,official_extracted_spreadsheet,administracao/dados/inep/fontes/planilhas/indicadores_trajetoria_educacao_superior_2017_2024.xlsx,b77ac3e2cc951dfd314bbe7a2fc141f3f2ec39470558674e198f567f8f43dbf1,2017-2024 cohorts,Exact spreadsheet used by W006 extraction,preserved_lfs,Exact ZIP member; official MD5 396b284630137e1e680cf7a5209fbf20,administracao/dados/inep/fontes/planilhas/indicadores_trajetoria_educacao_superior_2017_2024.xlsx,status|title|version_or_validity,metadata-differences-not-adjudicated,"{""accessed_at"": ""2026-09-04"", ""document_date"": """", ""document_type"": ""official_extracted_spreadsheet"", ""id"": ""inep-spreadsheet-2017-2024"", ""institution"": ""INEP"", ""local_path"": ""administracao/dados/inep/fontes/planilhas/indicadores_trajetoria_educacao_superior_2017_2024.xlsx"", ""notes"": ""Exact ZIP member; official MD5 396b284630137e1e680cf7a5209fbf20"", ""purpose"": ""Exact spreadsheet used by W006 extraction"", ""sha256"": ""b77ac3e2cc951dfd314bbe7a2fc141f3f2ec39470558674e198f567f8f43dbf1"", ""source_url"": ""https://download.inep.gov.br/informacoes_estatisticas/indicadores_educacionais/indicadores_trajetoria_es_2017_2024.zip"", ""status"": ""preserved_lfs"", ""title"": ""Indicadores de Trajetória da Educação Superior 2017-2024 - XLSX"", ""version_or_validity"": ""2017-2024 cohorts""}"
administracao/dados/inep/fontes/manifesto-fontes-volumosas.csv,21,inep-spreadsheet-2018-2024,administracao/dados/inep/fontes/planilhas/indicadores_trajetoria_educacao_superior_2018_2024.xlsx,Indicadores de Trajetória da Educação Superior 2018-2024 - XLSX,INEP,https://download.inep.gov.br/informacoes_estatisticas/indicadores_educacionais/indicadores_trajetoria_es_2018_2024.zip,2026-09-04,,official_extracted_spreadsheet,administracao/dados/inep/fontes/planilhas/indicadores_trajetoria_educacao_superior_2018_2024.xlsx,e710299b0196ed9f87d631295b05cbb6c3381061d6e0693c6917dab83c241009,2018-2024 cohorts,Exact spreadsheet used by W006 extraction,preserved_lfs,Exact ZIP member; official MD5 453fca83708cb1da04db4875ab011c5a,administracao/dados/inep/fontes/planilhas/indicadores_trajetoria_educacao_superior_2018_2024.xlsx,status|title|version_or_validity,metadata-differences-not-adjudicated,"{""accessed_at"": ""2026-09-04"", ""document_date"": """", ""document_type"": ""official_extracted_spreadsheet"", ""id"": ""inep-spreadsheet-2018-2024"", ""institution"": ""INEP"", ""local_path"": ""administracao/dados/inep/fontes/planilhas/indicadores_trajetoria_educacao_superior_2018_2024.xlsx"", ""notes"": ""Exact ZIP member; official MD5 453fca83708cb1da04db4875ab011c5a"", ""purpose"": ""Exact spreadsheet used by W006 extraction"", ""sha256"": ""e710299b0196ed9f87d631295b05cbb6c3381061d6e0693c6917dab83c241009"", ""source_url"": ""https://download.inep.gov.br/informacoes_estatisticas/indicadores_educacionais/indicadores_trajetoria_es_2018_2024.zip"", ""status"": ""preserved_lfs"", ""title"": ""Indicadores de Trajetória da Educação Superior 2018-2024 - XLSX"", ""version_or_validity"": ""2018-2024 cohorts""}"
administracao/dados/inep/fontes/manifesto-fontes-volumosas.csv,22,inep-spreadsheet-2019-2024,administracao/dados/inep/fontes/planilhas/indicadores_trajetoria_educacao_superior_2019_2024.xlsx,Indicadores de Trajetória da Educação Superior 2019-2024 - XLSX,INEP,https://download.inep.gov.br/informacoes_estatisticas/indicadores_educacionais/indicadores_trajetoria_es_2019_2024.zip,2026-09-04,,official_extracted_spreadsheet,administracao/dados/inep/fontes/planilhas/indicadores_trajetoria_educacao_superior_2019_2024.xlsx,9ef61488ac66604368dd29e03f33831924cd8f8d980137da60527a1d195c9cc3,2019-2024 cohorts,Exact spreadsheet used by W006 extraction,preserved_lfs,Exact ZIP member; official MD5 4722431a7ace77b86ba69ea265a26cea,administracao/dados/inep/fontes/planilhas/indicadores_trajetoria_educacao_superior_2019_2024.xlsx,status|title|version_or_validity,metadata-differences-not-adjudicated,"{""accessed_at"": ""2026-09-04"", ""document_date"": """", ""document_type"": ""official_extracted_spreadsheet"", ""id"": ""inep-spreadsheet-2019-2024"", ""institution"": ""INEP"", ""local_path"": ""administracao/dados/inep/fontes/planilhas/indicadores_trajetoria_educacao_superior_2019_2024.xlsx"", ""notes"": ""Exact ZIP member; official MD5 4722431a7ace77b86ba69ea265a26cea"", ""purpose"": ""Exact spreadsheet used by W006 extraction"", ""sha256"": ""9ef61488ac66604368dd29e03f33831924cd8f8d980137da60527a1d195c9cc3"", ""source_url"": ""https://download.inep.gov.br/informacoes_estatisticas/indicadores_educacionais/indicadores_trajetoria_es_2019_2024.zip"", ""status"": ""preserved_lfs"", ""title"": ""Indicadores de Trajetória da Educação Superior 2019-2024 - XLSX"", ""version_or_validity"": ""2019-2024 cohorts""}"
administracao/dados/inep/fontes/manifesto-fontes-volumosas.csv,23,inep-spreadsheet-2020-2024,administracao/dados/inep/fontes/planilhas/indicadores_trajetoria_educacao_superior_2020_2024.xlsx,Indicadores de Trajetória da Educação Superior 2020-2024 - XLSX,INEP,https://download.inep.gov.br/informacoes_estatisticas/indicadores_educacionais/indicadores_trajetoria_es_2020_2024.zip,2026-09-04,,official_extracted_spreadsheet,administracao/dados/inep/fontes/planilhas/indicadores_trajetoria_educacao_superior_2020_2024.xlsx,214a7dacd77875c440ffa0551be11008080d017104ffdd65fce0e362bac22f53,2020-2024 cohorts,Exact spreadsheet used by W006 extraction,preserved_lfs,Exact ZIP member; official MD5 a1a4080ea79f6e2696913127575818c2,administracao/dados/inep/fontes/planilhas/indicadores_trajetoria_educacao_superior_2020_2024.xlsx,status|title|version_or_validity,metadata-differences-not-adjudicated,"{""accessed_at"": ""2026-09-04"", ""document_date"": """", ""document_type"": ""official_extracted_spreadsheet"", ""id"": ""inep-spreadsheet-2020-2024"", ""institution"": ""INEP"", ""local_path"": ""administracao/dados/inep/fontes/planilhas/indicadores_trajetoria_educacao_superior_2020_2024.xlsx"", ""notes"": ""Exact ZIP member; official MD5 a1a4080ea79f6e2696913127575818c2"", ""purpose"": ""Exact spreadsheet used by W006 extraction"", ""sha256"": ""214a7dacd77875c440ffa0551be11008080d017104ffdd65fce0e362bac22f53"", ""source_url"": ""https://download.inep.gov.br/informacoes_estatisticas/indicadores_educacionais/indicadores_trajetoria_es_2020_2024.zip"", ""status"": ""preserved_lfs"", ""title"": ""Indicadores de Trajetória da Educação Superior 2020-2024 - XLSX"", ""version_or_validity"": ""2020-2024 cohorts""}"
administracao/historico/fontes/manifesto.csv,2,H001,administracao/historico/fontes/paginas/ementario-curso-96a-2026-09-04.html,Portal do Ementário — Informática Biomédica - Bacharelado (96A),Universidade Federal do Paraná,https://ementario.ufpr.br/ementario/curso.action?v=1225,2026-09-04,current registry capture,HTML page,administracao/historico/fontes/paginas/ementario-curso-96a-2026-09-04.html,c5f682e52dc47b976ac5447e1ba43e42994aca0673a32c949ec19e13c1587992,current page captured 2026-09-04,"Authorization, recognition, current status, and displayed MEC concept",preserved,Dynamic official registry; it identifies underlying acts but is not a preserved copy of their original text.,,,single-origin,"{""accessed_at"": ""2026-09-04"", ""document_date"": ""current registry capture"", ""document_type"": ""HTML page"", ""id"": ""H001"", ""institution"": ""Universidade Federal do Paraná"", ""local_path"": ""administracao/historico/fontes/paginas/ementario-curso-96a-2026-09-04.html"", ""notes"": ""Dynamic official registry; it identifies underlying acts but is not a preserved copy of their original text."", ""purpose"": ""Authorization, recognition, current status, and displayed MEC concept"", ""sha256"": ""c5f682e52dc47b976ac5447e1ba43e42994aca0673a32c949ec19e13c1587992"", ""source_url"": ""https://ementario.ufpr.br/ementario/curso.action?v=1225"", ""status"": ""preserved"", ""title"": ""Portal do Ementário — Informática Biomédica - Bacharelado (96A)"", ""version_or_validity"": ""current page captured 2026-09-04""}"
administracao/historico/fontes/manifesto.csv,3,H002,curriculos/2023/fontes/resolucao-75-22-cepe.pdf,Resolução nº 75/22-CEPE,Universidade Federal do Paraná,https://soc.ufpr.br/wp-content/uploads/2023/01/RESOLUCAO-75-22-CEPE.pdf,2026-09-04,2022-12-13,resolution,curriculos/2023/fontes/resolucao-75-22-cepe.pdf,b003d94ffe7a5d91b4f352c6531186cbf2e1ce3a3ee2acc5e1267ad572826d1d,applies to entrants from PS 2022/2023,Primary act for 2022 curricular-reform approval,preserved,Existing repository-preserved original; hash reconfirmed by W011.,curriculos/2023/fontes/resolucao-75-22-cepe.pdf,source_url|status|title|version_or_validity,metadata-differences-not-adjudicated,"{""accessed_at"": ""2026-09-04"", ""document_date"": ""2022-12-13"", ""document_type"": ""resolution"", ""id"": ""H002"", ""institution"": ""Universidade Federal do Paraná"", ""local_path"": ""curriculos/2023/fontes/resolucao-75-22-cepe.pdf"", ""notes"": ""Existing repository-preserved original; hash reconfirmed by W011."", ""purpose"": ""Primary act for 2022 curricular-reform approval"", ""sha256"": ""b003d94ffe7a5d91b4f352c6531186cbf2e1ce3a3ee2acc5e1267ad572826d1d"", ""source_url"": ""https://soc.ufpr.br/wp-content/uploads/2023/01/RESOLUCAO-75-22-CEPE.pdf"", ""status"": ""preserved"", ""title"": ""Resolução nº 75/22-CEPE"", ""version_or_validity"": ""applies to entrants from PS 2022/2023""}"
administracao/historico/fontes/manifesto.csv,4,H003,administracao/mec/2026/apendice-b-proposta-informatica-biomedica.pdf,Apêndice B — proposta de Informática Biomédica,Universidade Federal do Paraná,user-provided file,2026-09-04,not_stated,proposal_form,administracao/mec/2026/apendice-b-proposta-informatica-biomedica.pdf,994b17a9b1915a8d0dfc3104d01e7cc4d49b7f85e4002102687ee2e543109052,proposal only,Evidence of the 2026 proposal stage and proposal claims,preserved,"Original user-provided file, as recorded in fontes/catalogo.csv; no signature/approval is inferred.",administracao/mec/2026/apendice-b-proposta-informatica-biomedica.pdf,source_url|status|title|version_or_validity,metadata-differences-not-adjudicated,"{""accessed_at"": ""2026-09-04"", ""document_date"": ""not_stated"", ""document_type"": ""proposal_form"", ""id"": ""H003"", ""institution"": ""Universidade Federal do Paraná"", ""local_path"": ""administracao/mec/2026/apendice-b-proposta-informatica-biomedica.pdf"", ""notes"": ""Original user-provided file, as recorded in fontes/catalogo.csv; no signature/approval is inferred."", ""purpose"": ""Evidence of the 2026 proposal stage and proposal claims"", ""sha256"": ""994b17a9b1915a8d0dfc3104d01e7cc4d49b7f85e4002102687ee2e543109052"", ""source_url"": ""user-provided file"", ""status"": ""preserved"", ""title"": ""Apêndice B — proposta de Informática Biomédica"", ""version_or_validity"": ""proposal only""}"
administracao/historico/fontes/manifesto.csv,5,H004,administracao/historico/fontes/paginas/cpa-avaliacao-cursos-2022-2026-09-04.html,Calendário acadêmico 2022 — resultados Avaliação de Cursos,Comissão Própria de Avaliação — UFPR,https://cpa.ufpr.br/calendario-academico-2022-resultados-avaliacao-de-cursos/,2026-09-04,2022,HTML index page,administracao/historico/fontes/paginas/cpa-avaliacao-cursos-2022-2026-09-04.html,657673cf98011c7fed93f4b086127b61690f5fb521cd4c5d75a1f053a8038ab8,academic calendar 2022,Provenance page linking the course-specific CPA workbook,preserved,The page links the original workbook at H004A.,,,single-origin,"{""accessed_at"": ""2026-09-04"", ""document_date"": ""2022"", ""document_type"": ""HTML index page"", ""id"": ""H004"", ""institution"": ""Comissão Própria de Avaliação — UFPR"", ""local_path"": ""administracao/historico/fontes/paginas/cpa-avaliacao-cursos-2022-2026-09-04.html"", ""notes"": ""The page links the original workbook at H004A."", ""purpose"": ""Provenance page linking the course-specific CPA workbook"", ""sha256"": ""657673cf98011c7fed93f4b086127b61690f5fb521cd4c5d75a1f053a8038ab8"", ""source_url"": ""https://cpa.ufpr.br/calendario-academico-2022-resultados-avaliacao-de-cursos/"", ""status"": ""preserved"", ""title"": ""Calendário acadêmico 2022 — resultados Avaliação de Cursos"", ""version_or_validity"": ""academic calendar 2022""}"
administracao/historico/fontes/manifesto.csv,6,H004A,administracao/historico/fontes/documentos/cpa-avaliacao-curso-informatica-biomedica-2022.xlsx,INFORMÁTICA BIOMÉDICA,Comissão Própria de Avaliação — UFPR,https://cpa.ufpr.br/wp-content/uploads/2023/04/informatica-biomedica.xlsx,2026-09-04,2022,CPA_evaluation_workbook,administracao/historico/fontes/documentos/cpa-avaliacao-curso-informatica-biomedica-2022.xlsx,4c968ff6e4c32b9d023cfd4f783c0a38b3474bbcde231c383587a9198771cf40,academic calendar 2022,Course-labelled original CPA response workbook,preserved,"Preserved unchanged. It does not state the response denominator, field period, or aggregation method.",,,single-origin,"{""accessed_at"": ""2026-09-04"", ""document_date"": ""2022"", ""document_type"": ""CPA_evaluation_workbook"", ""id"": ""H004A"", ""institution"": ""Comissão Própria de Avaliação — UFPR"", ""local_path"": ""administracao/historico/fontes/documentos/cpa-avaliacao-curso-informatica-biomedica-2022.xlsx"", ""notes"": ""Preserved unchanged. It does not state the response denominator, field period, or aggregation method."", ""purpose"": ""Course-labelled original CPA response workbook"", ""sha256"": ""4c968ff6e4c32b9d023cfd4f783c0a38b3474bbcde231c383587a9198771cf40"", ""source_url"": ""https://cpa.ufpr.br/wp-content/uploads/2023/04/informatica-biomedica.xlsx"", ""status"": ""preserved"", ""title"": ""INFORMÁTICA BIOMÉDICA"", ""version_or_validity"": ""academic calendar 2022""}"
administracao/historico/fontes/manifesto.csv,7,H005,administracao/dados/inep/trajetoria_informatica_biomedica_ufpr.csv,Indicadores de trajetória da educação superior — recorte UFPR Informática Biomédica,INEP,https://www.gov.br/inep/pt-br/acesso-a-informacao/dados-abertos/indicadores-educacionais/indicadores-de-trajetoria-da-educacao-superior,2026-09-04,cohorts 2011-2020,derived_dataset,administracao/dados/inep/trajetoria_informatica_biomedica_ufpr.csv,b8ce653a1b226a284419fa1f0b75c194773e4fd3f0776bf52b62dae290c3c41b,cohort follow-up,Existing W006 trajectory evidence front,preserved,Derived output; its source packages and input sheets are separately preserved and manifest-validated under administracao/dados/inep/fontes/.,,,single-origin,"{""accessed_at"": ""2026-09-04"", ""document_date"": ""cohorts 2011-2020"", ""document_type"": ""derived_dataset"", ""id"": ""H005"", ""institution"": ""INEP"", ""local_path"": ""administracao/dados/inep/trajetoria_informatica_biomedica_ufpr.csv"", ""notes"": ""Derived output; its source packages and input sheets are separately preserved and manifest-validated under administracao/dados/inep/fontes/."", ""purpose"": ""Existing W006 trajectory evidence front"", ""sha256"": ""b8ce653a1b226a284419fa1f0b75c194773e4fd3f0776bf52b62dae290c3c41b"", ""source_url"": ""https://www.gov.br/inep/pt-br/acesso-a-informacao/dados-abertos/indicadores-educacionais/indicadores-de-trajetoria-da-educacao-superior"", ""status"": ""preserved"", ""title"": ""Indicadores de trajetória da educação superior — recorte UFPR Informática Biomédica"", ""version_or_validity"": ""cohort follow-up""}"
administracao/historico/fontes/manifesto.csv,8,H006,administracao/dados/ufpr/fontes/relatorio-evasao-analise-modelagem-ufpr-2026.pdf,Relatório de Evasão: Análise e Modelagem,Universidade Federal do Paraná / PROPLAD-CECD,https://ufpr.br/observaevasao/wp-content/uploads/sites/27/2026/05/relatorio-de-evasao-analise-e-modelagem.pdf,2026-09-04,2026,report,administracao/dados/ufpr/fontes/relatorio-evasao-analise-modelagem-ufpr-2026.pdf,a51a500b946ac8717237cd4ec43a7eeb30f203284201c8092ede5e49a94f9194,cohorts 2009-2018,Historical cohort dropout measure,preserved,Existing repository-preserved original; W011 records its stated cohort universe without combining it with annual series.,administracao/dados/ufpr/fontes/relatorio-evasao-analise-modelagem-ufpr-2026.pdf,status|title|version_or_validity,metadata-differences-not-adjudicated,"{""accessed_at"": ""2026-09-04"", ""document_date"": ""2026"", ""document_type"": ""report"", ""id"": ""H006"", ""institution"": ""Universidade Federal do Paraná / PROPLAD-CECD"", ""local_path"": ""administracao/dados/ufpr/fontes/relatorio-evasao-analise-modelagem-ufpr-2026.pdf"", ""notes"": ""Existing repository-preserved original; W011 records its stated cohort universe without combining it with annual series."", ""purpose"": ""Historical cohort dropout measure"", ""sha256"": ""a51a500b946ac8717237cd4ec43a7eeb30f203284201c8092ede5e49a94f9194"", ""source_url"": ""https://ufpr.br/observaevasao/wp-content/uploads/sites/27/2026/05/relatorio-de-evasao-analise-e-modelagem.pdf"", ""status"": ""preserved"", ""title"": ""Relatório de Evasão: Análise e Modelagem"", ""version_or_validity"": ""cohorts 2009-2018""}"
administracao/historico/fontes/manifesto.csv,9,H007,administracao/dados/ufpr/fontes/nc/ps2016_candidato_vaga.html,PS/UFPR 2016 — candidato/vaga por curso,Núcleo de Concursos — UFPR,https://www.nc.ufpr.br/concursos_institucionais/ufpr/ps2016/candvaga_curso.htm,2026-09-04,2016,HTML page,administracao/dados/ufpr/fontes/nc/ps2016_candidato_vaga.html,f623000866243b78136009d1054a80a4d6865caa0a5a1f06f83f90977e1347c2,PS/UFPR 2016,One absolute applicant-count observation,preserved,Existing repository-preserved original; treineiro is separate and no occupancy inference is made.,administracao/dados/ufpr/fontes/nc/ps2016_candidato_vaga.html,status|title|version_or_validity,metadata-differences-not-adjudicated,"{""accessed_at"": ""2026-09-04"", ""document_date"": ""2016"", ""document_type"": ""HTML page"", ""id"": ""H007"", ""institution"": ""Núcleo de Concursos — UFPR"", ""local_path"": ""administracao/dados/ufpr/fontes/nc/ps2016_candidato_vaga.html"", ""notes"": ""Existing repository-preserved original; treineiro is separate and no occupancy inference is made."", ""purpose"": ""One absolute applicant-count observation"", ""sha256"": ""f623000866243b78136009d1054a80a4d6865caa0a5a1f06f83f90977e1347c2"", ""source_url"": ""https://www.nc.ufpr.br/concursos_institucionais/ufpr/ps2016/candvaga_curso.htm"", ""status"": ""preserved"", ""title"": ""PS/UFPR 2016 — candidato/vaga por curso"", ""version_or_validity"": ""PS/UFPR 2016""}"
administracao/historico/fontes/manifesto.csv,10,H008,administracao/dados/ufpr/fontes/edital-28-2025-nc-prograp-ps-2026.pdf,Edital nº 28/2025-NC/PROGRAP — Processo Seletivo UFPR 2026,Núcleo de Concursos / PROGRAP — UFPR,https://servicos.nc.ufpr.br/PortalNC/obterDocumento?pub=8601,2026-09-04,2025,admission_notice,administracao/dados/ufpr/fontes/edital-28-2025-nc-prograp-ps-2026.pdf,8d0e37321953947b68c0989bba524c92daf710c13b522d619ce5a5a3d2efd092,PS/UFPR 2026,PS/UFPR-specific vacancies and current course denomination,preserved,Existing repository-preserved original; it does not cover SiSU or total annual vacancy universe.,administracao/dados/ufpr/fontes/edital-28-2025-nc-prograp-ps-2026.pdf,status|title|version_or_validity,metadata-differences-not-adjudicated,"{""accessed_at"": ""2026-09-04"", ""document_date"": ""2025"", ""document_type"": ""admission_notice"", ""id"": ""H008"", ""institution"": ""Núcleo de Concursos / PROGRAP — UFPR"", ""local_path"": ""administracao/dados/ufpr/fontes/edital-28-2025-nc-prograp-ps-2026.pdf"", ""notes"": ""Existing repository-preserved original; it does not cover SiSU or total annual vacancy universe."", ""purpose"": ""PS/UFPR-specific vacancies and current course denomination"", ""sha256"": ""8d0e37321953947b68c0989bba524c92daf710c13b522d619ce5a5a3d2efd092"", ""source_url"": ""https://servicos.nc.ufpr.br/PortalNC/obterDocumento?pub=8601"", ""status"": ""preserved"", ""title"": ""Edital nº 28/2025-NC/PROGRAP — Processo Seletivo UFPR 2026"", ""version_or_validity"": ""PS/UFPR 2026""}"
administracao/historico/fontes/manifesto.csv,11,H009,administracao/historico/fontes/documentos/ata-1a-camara-cepe-2022-12-02.pdf,Ata da Sessão Ordinária da 1ª Câmara do Conselho de Ensino Pesquisa e Extensão da Universidade Federal do Paraná realizada em 02 de dezembro de 2022,Universidade Federal do Paraná — Secretaria dos Órgãos Colegiados,https://soc.ufpr.br/wp-content/uploads/2023/02/Ata-1%C2%AA-CEPE-02.12.2022.pdf,2026-09-04,2022-12-02,CEPE_chamber_minute,administracao/historico/fontes/documentos/ata-1a-camara-cepe-2022-12-02.pdf,461fd8121be84c13d53c6d77a0dcc0d11500ee84a295b08a3e8c86df914b8faf,process 061269/2022-16,Primary minute recording favorable opinion and unanimous first-Chamber approval of the 2022 curriculum reform,preserved,Original official PDF preserved unchanged. Electronically signed 2023-02-03; reference process for the minute is 23075.003763/2023-39 and SEI 5253788.,,,single-origin,"{""accessed_at"": ""2026-09-04"", ""document_date"": ""2022-12-02"", ""document_type"": ""CEPE_chamber_minute"", ""id"": ""H009"", ""institution"": ""Universidade Federal do Paraná — Secretaria dos Órgãos Colegiados"", ""local_path"": ""administracao/historico/fontes/documentos/ata-1a-camara-cepe-2022-12-02.pdf"", ""notes"": ""Original official PDF preserved unchanged. Electronically signed 2023-02-03; reference process for the minute is 23075.003763/2023-39 and SEI 5253788."", ""purpose"": ""Primary minute recording favorable opinion and unanimous first-Chamber approval of the 2022 curriculum reform"", ""sha256"": ""461fd8121be84c13d53c6d77a0dcc0d11500ee84a295b08a3e8c86df914b8faf"", ""source_url"": ""https://soc.ufpr.br/wp-content/uploads/2023/02/Ata-1%C2%AA-CEPE-02.12.2022.pdf"", ""status"": ""preserved"", ""title"": ""Ata da Sessão Ordinária da 1ª Câmara do Conselho de Ensino Pesquisa e Extensão da Universidade Federal do Paraná realizada em 02 de dezembro de 2022"", ""version_or_validity"": ""process 061269/2022-16""}"
