source_worksheet,source_cell,source_row,source_workbook,workbook_sha256,period,period_source,id_pesquisa,questionnaire_id,question_id,questionnaire,question,course_code,course_literal,sector_code,sector_literal,response_type,institution,category,value,unit,universe,denominator,notes,structural_status
dados,A13304:N13304,13304,administracao/historico/fontes/documentos/cpa-avaliacao-curso-informatica-biomedica-2022.xlsx,4c968ff6e4c32b9d023cfd4f783c0a38b3474bbcde231c383587a9198771cf40,AVALIAÇÃO DE CURSOS 2022 (13 a 28 de fevereiro 2023),Questoes!C2:C48,9164,283,1052,SEGURANÇA,Proteção e segurança predial e do patrimônio público:,40001016064G0,INFORMÁTICA BIOMÉDICA,110,SETOR DE CIÊNCIAS EXATAS,A,UFPR,SEGURANÇA,Bom,literal response,three course respondents as explicitly labelled in Quantidade de respostas,3,One source response row. ID_PESQUISA is retained literally and is not reinterpreted as a person identifier. Course code/name are copied from the same row; respondent count is copied from the course quantity table.,direct source row; no category reinterpretation
dados,A13305:N13305,13305,administracao/historico/fontes/documentos/cpa-avaliacao-curso-informatica-biomedica-2022.xlsx,4c968ff6e4c32b9d023cfd4f783c0a38b3474bbcde231c383587a9198771cf40,AVALIAÇÃO DE CURSOS 2022 (13 a 28 de fevereiro 2023),Questoes!C2:C48,9164,283,1053,SEGURANÇA,Proteção e segurança das pessoas nos campi:,40001016064G0,INFORMÁTICA BIOMÉDICA,110,SETOR DE CIÊNCIAS EXATAS,A,UFPR,SEGURANÇA,Bom,literal response,three course respondents as explicitly labelled in Quantidade de respostas,3,One source response row. ID_PESQUISA is retained literally and is not reinterpreted as a person identifier. Course code/name are copied from the same row; respondent count is copied from the course quantity table.,direct source row; no category reinterpretation
dados,A13306:N13306,13306,administracao/historico/fontes/documentos/cpa-avaliacao-curso-informatica-biomedica-2022.xlsx,4c968ff6e4c32b9d023cfd4f783c0a38b3474bbcde231c383587a9198771cf40,AVALIAÇÃO DE CURSOS 2022 (13 a 28 de fevereiro 2023),Questoes!C2:C48,9164,283,1054,SEGURANÇA,"Adequação às normas de segurança dos ambientes externos e internos (plano de fuga em caso de incêndio, brigada de incêndio, placas de sinalização, sinais de trânsito, etc.):",40001016064G0,INFORMÁTICA BIOMÉDICA,110,SETOR DE CIÊNCIAS EXATAS,A,UFPR,SEGURANÇA,Bom,literal response,three course respondents as explicitly labelled in Quantidade de respostas,3,One source response row. ID_PESQUISA is retained literally and is not reinterpreted as a person identifier. Course code/name are copied from the same row; respondent count is copied from the course quantity table.,direct source row; no category reinterpretation
dados,A13307:N13307,13307,administracao/historico/fontes/documentos/cpa-avaliacao-curso-informatica-biomedica-2022.xlsx,4c968ff6e4c32b9d023cfd4f783c0a38b3474bbcde231c383587a9198771cf40,AVALIAÇÃO DE CURSOS 2022 (13 a 28 de fevereiro 2023),Questoes!C2:C48,9164,284,1055,AMBIENTES,"Conservação e manutenção das áreas internas comuns (corredores, auditórios, espaços de convivência e alimentação, etc.):",40001016064G0,INFORMÁTICA BIOMÉDICA,110,SETOR DE CIÊNCIAS EXATAS,A,UFPR,AMBIENTES,Ruim,literal response,three course respondents as explicitly labelled in Quantidade de respostas,3,One source response row. ID_PESQUISA is retained literally and is not reinterpreted as a person identifier. Course code/name are copied from the same row; respondent count is copied from the course quantity table.,direct source row; no category reinterpretation
dados,A13308:N13308,13308,administracao/historico/fontes/documentos/cpa-avaliacao-curso-informatica-biomedica-2022.xlsx,4c968ff6e4c32b9d023cfd4f783c0a38b3474bbcde231c383587a9198771cf40,AVALIAÇÃO DE CURSOS 2022 (13 a 28 de fevereiro 2023),Questoes!C2:C48,9164,284,1056,AMBIENTES,"Conservação e manutenção das áreas externas (calçadas, vias de acesso, outros):",40001016064G0,INFORMÁTICA BIOMÉDICA,110,SETOR DE CIÊNCIAS EXATAS,A,UFPR,AMBIENTES,Bom,literal response,three course respondents as explicitly labelled in Quantidade de respostas,3,One source response row. ID_PESQUISA is retained literally and is not reinterpreted as a person identifier. Course code/name are copied from the same row; respondent count is copied from the course quantity table.,direct source row; no category reinterpretation
dados,A13309:N13309,13309,administracao/historico/fontes/documentos/cpa-avaliacao-curso-informatica-biomedica-2022.xlsx,4c968ff6e4c32b9d023cfd4f783c0a38b3474bbcde231c383587a9198771cf40,AVALIAÇÃO DE CURSOS 2022 (13 a 28 de fevereiro 2023),Questoes!C2:C48,9164,284,1057,AMBIENTES,Instalações sanitárias:,40001016064G0,INFORMÁTICA BIOMÉDICA,110,SETOR DE CIÊNCIAS EXATAS,A,UFPR,AMBIENTES,Bom,literal response,three course respondents as explicitly labelled in Quantidade de respostas,3,One source response row. ID_PESQUISA is retained literally and is not reinterpreted as a person identifier. Course code/name are copied from the same row; respondent count is copied from the course quantity table.,direct source row; no category reinterpretation
dados,A13310:N13310,13310,administracao/historico/fontes/documentos/cpa-avaliacao-curso-informatica-biomedica-2022.xlsx,4c968ff6e4c32b9d023cfd4f783c0a38b3474bbcde231c383587a9198771cf40,AVALIAÇÃO DE CURSOS 2022 (13 a 28 de fevereiro 2023),Questoes!C2:C48,9164,284,1058,AMBIENTES,"Acessibilidade (elevadores, rampas de acesso, adequação às demandas de pessoas com deficiência):",40001016064G0,INFORMÁTICA BIOMÉDICA,110,SETOR DE CIÊNCIAS EXATAS,A,UFPR,AMBIENTES,Bom,literal response,three course respondents as explicitly labelled in Quantidade de respostas,3,One source response row. ID_PESQUISA is retained literally and is not reinterpreted as a person identifier. Course code/name are copied from the same row; respondent count is copied from the course quantity table.,direct source row; no category reinterpretation
dados,A13311:N13311,13311,administracao/historico/fontes/documentos/cpa-avaliacao-curso-informatica-biomedica-2022.xlsx,4c968ff6e4c32b9d023cfd4f783c0a38b3474bbcde231c383587a9198771cf40,AVALIAÇÃO DE CURSOS 2022 (13 a 28 de fevereiro 2023),Questoes!C2:C48,9164,285,1059,SERVIÇOS TERCEIRIZADOS,Qualidade dos serviços de limpeza e higiene dos ambientes:,40001016064G0,INFORMÁTICA BIOMÉDICA,110,SETOR DE CIÊNCIAS EXATAS,A,UFPR,SERVIÇOS TERCEIRIZADOS,Bom,literal response,three course respondents as explicitly labelled in Quantidade de respostas,3,One source response row. ID_PESQUISA is retained literally and is not reinterpreted as a person identifier. Course code/name are copied from the same row; respondent count is copied from the course quantity table.,direct source row; no category reinterpretation
dados,A13312:N13312,13312,administracao/historico/fontes/documentos/cpa-avaliacao-curso-informatica-biomedica-2022.xlsx,4c968ff6e4c32b9d023cfd4f783c0a38b3474bbcde231c383587a9198771cf40,AVALIAÇÃO DE CURSOS 2022 (13 a 28 de fevereiro 2023),Questoes!C2:C48,9164,285,1060,SERVIÇOS TERCEIRIZADOS,Qualidade dos serviços de manutenção dos ambientes internos e externos:,40001016064G0,INFORMÁTICA BIOMÉDICA,110,SETOR DE CIÊNCIAS EXATAS,A,UFPR,SERVIÇOS TERCEIRIZADOS,Excelente,literal response,three course respondents as explicitly labelled in Quantidade de respostas,3,One source response row. ID_PESQUISA is retained literally and is not reinterpreted as a person identifier. Course code/name are copied from the same row; respondent count is copied from the course quantity table.,direct source row; no category reinterpretation
dados,A13313:N13313,13313,administracao/historico/fontes/documentos/cpa-avaliacao-curso-informatica-biomedica-2022.xlsx,4c968ff6e4c32b9d023cfd4f783c0a38b3474bbcde231c383587a9198771cf40,AVALIAÇÃO DE CURSOS 2022 (13 a 28 de fevereiro 2023),Questoes!C2:C48,9164,285,1061,SERVIÇOS TERCEIRIZADOS,Qualidade do atendimento nos restaurantes universitários :,40001016064G0,INFORMÁTICA BIOMÉDICA,110,SETOR DE CIÊNCIAS EXATAS,A,UFPR,SERVIÇOS TERCEIRIZADOS,Excelente,literal response,three course respondents as explicitly labelled in Quantidade de respostas,3,One source response row. ID_PESQUISA is retained literally and is not reinterpreted as a person identifier. Course code/name are copied from the same row; respondent count is copied from the course quantity table.,direct source row; no category reinterpretation
dados,A13314:N13314,13314,administracao/historico/fontes/documentos/cpa-avaliacao-curso-informatica-biomedica-2022.xlsx,4c968ff6e4c32b9d023cfd4f783c0a38b3474bbcde231c383587a9198771cf40,AVALIAÇÃO DE CURSOS 2022 (13 a 28 de fevereiro 2023),Questoes!C2:C48,9164,285,1062,SERVIÇOS TERCEIRIZADOS,"Qualidade dos serviços de atendimento ao público: recepções, portarias e guaritas:",40001016064G0,INFORMÁTICA BIOMÉDICA,110,SETOR DE CIÊNCIAS EXATAS,A,UFPR,SERVIÇOS TERCEIRIZADOS,Excelente,literal response,three course respondents as explicitly labelled in Quantidade de respostas,3,One source response row. ID_PESQUISA is retained literally and is not reinterpreted as a person identifier. Course code/name are copied from the same row; respondent count is copied from the course quantity table.,direct source row; no category reinterpretation
dados,A13315:N13315,13315,administracao/historico/fontes/documentos/cpa-avaliacao-curso-informatica-biomedica-2022.xlsx,4c968ff6e4c32b9d023cfd4f783c0a38b3474bbcde231c383587a9198771cf40,AVALIAÇÃO DE CURSOS 2022 (13 a 28 de fevereiro 2023),Questoes!C2:C48,9164,286,1063,SALAS DE AULA,"Adequação e flexibilidade de organização do espaço perante às necessidades do curso, incluindo as condições de conforto do ambiente:",40001016064G0,INFORMÁTICA BIOMÉDICA,110,SETOR DE CIÊNCIAS EXATAS,A,UFPR,SALAS DE AULA,Bom,literal response,three course respondents as explicitly labelled in Quantidade de respostas,3,One source response row. ID_PESQUISA is retained literally and is not reinterpreted as a person identifier. Course code/name are copied from the same row; respondent count is copied from the course quantity table.,direct source row; no category reinterpretation
dados,A13316:N13316,13316,administracao/historico/fontes/documentos/cpa-avaliacao-curso-informatica-biomedica-2022.xlsx,4c968ff6e4c32b9d023cfd4f783c0a38b3474bbcde231c383587a9198771cf40,AVALIAÇÃO DE CURSOS 2022 (13 a 28 de fevereiro 2023),Questoes!C2:C48,9164,286,1064,SALAS DE AULA,"Recursos de tecnologia da informação e comunicação, incluindo as ações de modernização dos equipamentos:",40001016064G0,INFORMÁTICA BIOMÉDICA,110,SETOR DE CIÊNCIAS EXATAS,A,UFPR,SALAS DE AULA,Bom,literal response,three course respondents as explicitly labelled in Quantidade de respostas,3,One source response row. ID_PESQUISA is retained literally and is not reinterpreted as a person identifier. Course code/name are copied from the same row; respondent count is copied from the course quantity table.,direct source row; no category reinterpretation
dados,A13317:N13317,13317,administracao/historico/fontes/documentos/cpa-avaliacao-curso-informatica-biomedica-2022.xlsx,4c968ff6e4c32b9d023cfd4f783c0a38b3474bbcde231c383587a9198771cf40,AVALIAÇÃO DE CURSOS 2022 (13 a 28 de fevereiro 2023),Questoes!C2:C48,9164,289,1072,BIBLIOTECAS,Atualização e manutenção do acervo físico e/ou digital:,40001016064G0,INFORMÁTICA BIOMÉDICA,110,SETOR DE CIÊNCIAS EXATAS,A,UFPR,BIBLIOTECAS,Não sei responder,literal response,three course respondents as explicitly labelled in Quantidade de respostas,3,One source response row. ID_PESQUISA is retained literally and is not reinterpreted as a person identifier. Course code/name are copied from the same row; respondent count is copied from the course quantity table.,direct source row; no category reinterpretation
dados,A13318:N13318,13318,administracao/historico/fontes/documentos/cpa-avaliacao-curso-informatica-biomedica-2022.xlsx,4c968ff6e4c32b9d023cfd4f783c0a38b3474bbcde231c383587a9198771cf40,AVALIAÇÃO DE CURSOS 2022 (13 a 28 de fevereiro 2023),Questoes!C2:C48,9164,289,1073,BIBLIOTECAS,Uso do catálogo eletrônico (acervo.ufpr.br):,40001016064G0,INFORMÁTICA BIOMÉDICA,110,SETOR DE CIÊNCIAS EXATAS,A,UFPR,BIBLIOTECAS,Não sei responder,literal response,three course respondents as explicitly labelled in Quantidade de respostas,3,One source response row. ID_PESQUISA is retained literally and is not reinterpreted as a person identifier. Course code/name are copied from the same row; respondent count is copied from the course quantity table.,direct source row; no category reinterpretation
dados,A13319:N13319,13319,administracao/historico/fontes/documentos/cpa-avaliacao-curso-informatica-biomedica-2022.xlsx,4c968ff6e4c32b9d023cfd4f783c0a38b3474bbcde231c383587a9198771cf40,AVALIAÇÃO DE CURSOS 2022 (13 a 28 de fevereiro 2023),Questoes!C2:C48,9164,289,1074,BIBLIOTECAS,Horário(s) de funcionamento:,40001016064G0,INFORMÁTICA BIOMÉDICA,110,SETOR DE CIÊNCIAS EXATAS,A,UFPR,BIBLIOTECAS,Não sei responder,literal response,three course respondents as explicitly labelled in Quantidade de respostas,3,One source response row. ID_PESQUISA is retained literally and is not reinterpreted as a person identifier. Course code/name are copied from the same row; respondent count is copied from the course quantity table.,direct source row; no category reinterpretation
dados,A13320:N13320,13320,administracao/historico/fontes/documentos/cpa-avaliacao-curso-informatica-biomedica-2022.xlsx,4c968ff6e4c32b9d023cfd4f783c0a38b3474bbcde231c383587a9198771cf40,AVALIAÇÃO DE CURSOS 2022 (13 a 28 de fevereiro 2023),Questoes!C2:C48,9164,289,1075,BIBLIOTECAS,"Canais de comunicação (portal do SiBi, redes sociais e outros):",40001016064G0,INFORMÁTICA BIOMÉDICA,110,SETOR DE CIÊNCIAS EXATAS,A,UFPR,BIBLIOTECAS,Não sei responder,literal response,three course respondents as explicitly labelled in Quantidade de respostas,3,One source response row. ID_PESQUISA is retained literally and is not reinterpreted as a person identifier. Course code/name are copied from the same row; respondent count is copied from the course quantity table.,direct source row; no category reinterpretation
dados,A13321:N13321,13321,administracao/historico/fontes/documentos/cpa-avaliacao-curso-informatica-biomedica-2022.xlsx,4c968ff6e4c32b9d023cfd4f783c0a38b3474bbcde231c383587a9198771cf40,AVALIAÇÃO DE CURSOS 2022 (13 a 28 de fevereiro 2023),Questoes!C2:C48,9164,289,1076,BIBLIOTECAS,Oferta de capacitações aos usuários:,40001016064G0,INFORMÁTICA BIOMÉDICA,110,SETOR DE CIÊNCIAS EXATAS,A,UFPR,BIBLIOTECAS,Não sei responder,literal response,three course respondents as explicitly labelled in Quantidade de respostas,3,One source response row. ID_PESQUISA is retained literally and is not reinterpreted as a person identifier. Course code/name are copied from the same row; respondent count is copied from the course quantity table.,direct source row; no category reinterpretation
dados,A13322:N13322,13322,administracao/historico/fontes/documentos/cpa-avaliacao-curso-informatica-biomedica-2022.xlsx,4c968ff6e4c32b9d023cfd4f783c0a38b3474bbcde231c383587a9198771cf40,AVALIAÇÃO DE CURSOS 2022 (13 a 28 de fevereiro 2023),Questoes!C2:C48,9164,289,1077,BIBLIOTECAS,Contéudos de acesso digital (Repositório Digital Institucional e bases/plataformas de dados):,40001016064G0,INFORMÁTICA BIOMÉDICA,110,SETOR DE CIÊNCIAS EXATAS,A,UFPR,BIBLIOTECAS,Não sei responder,literal response,three course respondents as explicitly labelled in Quantidade de respostas,3,One source response row. ID_PESQUISA is retained literally and is not reinterpreted as a person identifier. Course code/name are copied from the same row; respondent count is copied from the course quantity table.,direct source row; no category reinterpretation
dados,A13323:N13323,13323,administracao/historico/fontes/documentos/cpa-avaliacao-curso-informatica-biomedica-2022.xlsx,4c968ff6e4c32b9d023cfd4f783c0a38b3474bbcde231c383587a9198771cf40,AVALIAÇÃO DE CURSOS 2022 (13 a 28 de fevereiro 2023),Questoes!C2:C48,9164,289,1078,BIBLIOTECAS,Atendimento às necessidades de acessibilidade física e informacional:,40001016064G0,INFORMÁTICA BIOMÉDICA,110,SETOR DE CIÊNCIAS EXATAS,A,UFPR,BIBLIOTECAS,Não sei responder,literal response,three course respondents as explicitly labelled in Quantidade de respostas,3,One source response row. ID_PESQUISA is retained literally and is not reinterpreted as a person identifier. Course code/name are copied from the same row; respondent count is copied from the course quantity table.,direct source row; no category reinterpretation
dados,A13324:N13324,13324,administracao/historico/fontes/documentos/cpa-avaliacao-curso-informatica-biomedica-2022.xlsx,4c968ff6e4c32b9d023cfd4f783c0a38b3474bbcde231c383587a9198771cf40,AVALIAÇÃO DE CURSOS 2022 (13 a 28 de fevereiro 2023),Questoes!C2:C48,9164,290,1079,SISTEMAS E REDES,SIGA - atendimento às atividades acadêmicas do curso:,40001016064G0,INFORMÁTICA BIOMÉDICA,110,SETOR DE CIÊNCIAS EXATAS,A,UFPR,SISTEMAS E REDES,Regular,literal response,three course respondents as explicitly labelled in Quantidade de respostas,3,One source response row. ID_PESQUISA is retained literally and is not reinterpreted as a person identifier. Course code/name are copied from the same row; respondent count is copied from the course quantity table.,direct source row; no category reinterpretation
dados,A13325:N13325,13325,administracao/historico/fontes/documentos/cpa-avaliacao-curso-informatica-biomedica-2022.xlsx,4c968ff6e4c32b9d023cfd4f783c0a38b3474bbcde231c383587a9198771cf40,AVALIAÇÃO DE CURSOS 2022 (13 a 28 de fevereiro 2023),Questoes!C2:C48,9164,290,1080,SISTEMAS E REDES,UFPR VIRTUAL - atendimento às atividades acadêmicas do curso :,40001016064G0,INFORMÁTICA BIOMÉDICA,110,SETOR DE CIÊNCIAS EXATAS,A,UFPR,SISTEMAS E REDES,Regular,literal response,three course respondents as explicitly labelled in Quantidade de respostas,3,One source response row. ID_PESQUISA is retained literally and is not reinterpreted as a person identifier. Course code/name are copied from the same row; respondent count is copied from the course quantity table.,direct source row; no category reinterpretation
dados,A13326:N13326,13326,administracao/historico/fontes/documentos/cpa-avaliacao-curso-informatica-biomedica-2022.xlsx,4c968ff6e4c32b9d023cfd4f783c0a38b3474bbcde231c383587a9198771cf40,AVALIAÇÃO DE CURSOS 2022 (13 a 28 de fevereiro 2023),Questoes!C2:C48,9164,290,1081,SISTEMAS E REDES,Qualidade das redes ofertadas pela instituição:,40001016064G0,INFORMÁTICA BIOMÉDICA,110,SETOR DE CIÊNCIAS EXATAS,A,UFPR,SISTEMAS E REDES,Bom,literal response,three course respondents as explicitly labelled in Quantidade de respostas,3,One source response row. ID_PESQUISA is retained literally and is not reinterpreted as a person identifier. Course code/name are copied from the same row; respondent count is copied from the course quantity table.,direct source row; no category reinterpretation
dados,A13327:N13327,13327,administracao/historico/fontes/documentos/cpa-avaliacao-curso-informatica-biomedica-2022.xlsx,4c968ff6e4c32b9d023cfd4f783c0a38b3474bbcde231c383587a9198771cf40,AVALIAÇÃO DE CURSOS 2022 (13 a 28 de fevereiro 2023),Questoes!C2:C48,9164,291,1082,AVALIAÇÃO DE SERVIÇOS,Coordenação do Curso:,40001016064G0,INFORMÁTICA BIOMÉDICA,110,SETOR DE CIÊNCIAS EXATAS,A,UFPR,AVALIAÇÃO DE SERVIÇOS,8,literal response,three course respondents as explicitly labelled in Quantidade de respostas,3,One source response row. ID_PESQUISA is retained literally and is not reinterpreted as a person identifier. Course code/name are copied from the same row; respondent count is copied from the course quantity table.,direct source row; no category reinterpretation
dados,A13328:N13328,13328,administracao/historico/fontes/documentos/cpa-avaliacao-curso-informatica-biomedica-2022.xlsx,4c968ff6e4c32b9d023cfd4f783c0a38b3474bbcde231c383587a9198771cf40,AVALIAÇÃO DE CURSOS 2022 (13 a 28 de fevereiro 2023),Questoes!C2:C48,9164,291,1083,AVALIAÇÃO DE SERVIÇOS,Secretaria do Curso:,40001016064G0,INFORMÁTICA BIOMÉDICA,110,SETOR DE CIÊNCIAS EXATAS,A,UFPR,AVALIAÇÃO DE SERVIÇOS,10,literal response,three course respondents as explicitly labelled in Quantidade de respostas,3,One source response row. ID_PESQUISA is retained literally and is not reinterpreted as a person identifier. Course code/name are copied from the same row; respondent count is copied from the course quantity table.,direct source row; no category reinterpretation
dados,A13329:N13329,13329,administracao/historico/fontes/documentos/cpa-avaliacao-curso-informatica-biomedica-2022.xlsx,4c968ff6e4c32b9d023cfd4f783c0a38b3474bbcde231c383587a9198771cf40,AVALIAÇÃO DE CURSOS 2022 (13 a 28 de fevereiro 2023),Questoes!C2:C48,9164,291,1084,AVALIAÇÃO DE SERVIÇOS,Secretarias dos departamentos que atendem ao curso:,40001016064G0,INFORMÁTICA BIOMÉDICA,110,SETOR DE CIÊNCIAS EXATAS,A,UFPR,AVALIAÇÃO DE SERVIÇOS,10,literal response,three course respondents as explicitly labelled in Quantidade de respostas,3,One source response row. ID_PESQUISA is retained literally and is not reinterpreted as a person identifier. Course code/name are copied from the same row; respondent count is copied from the course quantity table.,direct source row; no category reinterpretation
dados,A13330:N13330,13330,administracao/historico/fontes/documentos/cpa-avaliacao-curso-informatica-biomedica-2022.xlsx,4c968ff6e4c32b9d023cfd4f783c0a38b3474bbcde231c383587a9198771cf40,AVALIAÇÃO DE CURSOS 2022 (13 a 28 de fevereiro 2023),Questoes!C2:C48,9164,291,1085,AVALIAÇÃO DE SERVIÇOS,Biblioteca(s):,40001016064G0,INFORMÁTICA BIOMÉDICA,110,SETOR DE CIÊNCIAS EXATAS,A,UFPR,AVALIAÇÃO DE SERVIÇOS,Não utilizei o serviço,literal response,three course respondents as explicitly labelled in Quantidade de respostas,3,One source response row. ID_PESQUISA is retained literally and is not reinterpreted as a person identifier. Course code/name are copied from the same row; respondent count is copied from the course quantity table.,direct source row; no category reinterpretation
dados,A13331:N13331,13331,administracao/historico/fontes/documentos/cpa-avaliacao-curso-informatica-biomedica-2022.xlsx,4c968ff6e4c32b9d023cfd4f783c0a38b3474bbcde231c383587a9198771cf40,AVALIAÇÃO DE CURSOS 2022 (13 a 28 de fevereiro 2023),Questoes!C2:C48,9164,291,1086,AVALIAÇÃO DE SERVIÇOS,"Laboratório(s), quando houver:",40001016064G0,INFORMÁTICA BIOMÉDICA,110,SETOR DE CIÊNCIAS EXATAS,A,UFPR,AVALIAÇÃO DE SERVIÇOS,8,literal response,three course respondents as explicitly labelled in Quantidade de respostas,3,One source response row. ID_PESQUISA is retained literally and is not reinterpreted as a person identifier. Course code/name are copied from the same row; respondent count is copied from the course quantity table.,direct source row; no category reinterpretation
dados,A13332:N13332,13332,administracao/historico/fontes/documentos/cpa-avaliacao-curso-informatica-biomedica-2022.xlsx,4c968ff6e4c32b9d023cfd4f783c0a38b3474bbcde231c383587a9198771cf40,AVALIAÇÃO DE CURSOS 2022 (13 a 28 de fevereiro 2023),Questoes!C2:C48,9164,291,1087,AVALIAÇÃO DE SERVIÇOS,Unidade de atendimento ao público da PROGRAD:,40001016064G0,INFORMÁTICA BIOMÉDICA,110,SETOR DE CIÊNCIAS EXATAS,A,UFPR,AVALIAÇÃO DE SERVIÇOS,Não utilizei o serviço,literal response,three course respondents as explicitly labelled in Quantidade de respostas,3,One source response row. ID_PESQUISA is retained literally and is not reinterpreted as a person identifier. Course code/name are copied from the same row; respondent count is copied from the course quantity table.,direct source row; no category reinterpretation
dados,A13333:N13333,13333,administracao/historico/fontes/documentos/cpa-avaliacao-curso-informatica-biomedica-2022.xlsx,4c968ff6e4c32b9d023cfd4f783c0a38b3474bbcde231c383587a9198771cf40,AVALIAÇÃO DE CURSOS 2022 (13 a 28 de fevereiro 2023),Questoes!C2:C48,9164,291,1088,AVALIAÇÃO DE SERVIÇOS,Unidade de estágio da PROGRAD:,40001016064G0,INFORMÁTICA BIOMÉDICA,110,SETOR DE CIÊNCIAS EXATAS,A,UFPR,AVALIAÇÃO DE SERVIÇOS,6,literal response,three course respondents as explicitly labelled in Quantidade de respostas,3,One source response row. ID_PESQUISA is retained literally and is not reinterpreted as a person identifier. Course code/name are copied from the same row; respondent count is copied from the course quantity table.,direct source row; no category reinterpretation
dados,A13334:N13334,13334,administracao/historico/fontes/documentos/cpa-avaliacao-curso-informatica-biomedica-2022.xlsx,4c968ff6e4c32b9d023cfd4f783c0a38b3474bbcde231c383587a9198771cf40,AVALIAÇÃO DE CURSOS 2022 (13 a 28 de fevereiro 2023),Questoes!C2:C48,9164,291,1089,AVALIAÇÃO DE SERVIÇOS,Unidade da extensão da PROEC:,40001016064G0,INFORMÁTICA BIOMÉDICA,110,SETOR DE CIÊNCIAS EXATAS,A,UFPR,AVALIAÇÃO DE SERVIÇOS,Não utilizei o serviço,literal response,three course respondents as explicitly labelled in Quantidade de respostas,3,One source response row. ID_PESQUISA is retained literally and is not reinterpreted as a person identifier. Course code/name are copied from the same row; respondent count is copied from the course quantity table.,direct source row; no category reinterpretation
dados,A13335:N13335,13335,administracao/historico/fontes/documentos/cpa-avaliacao-curso-informatica-biomedica-2022.xlsx,4c968ff6e4c32b9d023cfd4f783c0a38b3474bbcde231c383587a9198771cf40,AVALIAÇÃO DE CURSOS 2022 (13 a 28 de fevereiro 2023),Questoes!C2:C48,9164,291,1090,AVALIAÇÃO DE SERVIÇOS,"Unidade de apoio pedagógico, psicológico e social da PRAE:",40001016064G0,INFORMÁTICA BIOMÉDICA,110,SETOR DE CIÊNCIAS EXATAS,C,UFPR,AVALIAÇÃO DE SERVIÇOS,Não utilizei o serviço,literal response,three course respondents as explicitly labelled in Quantidade de respostas,3,One source response row. ID_PESQUISA is retained literally and is not reinterpreted as a person identifier. Course code/name are copied from the same row; respondent count is copied from the course quantity table.,direct source row; no category reinterpretation
dados,A13336:N13336,13336,administracao/historico/fontes/documentos/cpa-avaliacao-curso-informatica-biomedica-2022.xlsx,4c968ff6e4c32b9d023cfd4f783c0a38b3474bbcde231c383587a9198771cf40,AVALIAÇÃO DE CURSOS 2022 (13 a 28 de fevereiro 2023),Questoes!C2:C48,9164,291,1091,AVALIAÇÃO DE SERVIÇOS,Unidade de apoio à saúde (Casas) da PROGEPE:,40001016064G0,INFORMÁTICA BIOMÉDICA,110,SETOR DE CIÊNCIAS EXATAS,C,UFPR,AVALIAÇÃO DE SERVIÇOS,Não utilizei o serviço,literal response,three course respondents as explicitly labelled in Quantidade de respostas,3,One source response row. ID_PESQUISA is retained literally and is not reinterpreted as a person identifier. Course code/name are copied from the same row; respondent count is copied from the course quantity table.,direct source row; no category reinterpretation
dados,A13337:N13337,13337,administracao/historico/fontes/documentos/cpa-avaliacao-curso-informatica-biomedica-2022.xlsx,4c968ff6e4c32b9d023cfd4f783c0a38b3474bbcde231c383587a9198771cf40,AVALIAÇÃO DE CURSOS 2022 (13 a 28 de fevereiro 2023),Questoes!C2:C48,9164,291,1092,AVALIAÇÃO DE SERVIÇOS,"SIPAD (Superintendência de Inclusão, Políticas Afirmativas e Diversidade):",40001016064G0,INFORMÁTICA BIOMÉDICA,110,SETOR DE CIÊNCIAS EXATAS,C,UFPR,AVALIAÇÃO DE SERVIÇOS,Não utilizei o serviço,literal response,three course respondents as explicitly labelled in Quantidade de respostas,3,One source response row. ID_PESQUISA is retained literally and is not reinterpreted as a person identifier. Course code/name are copied from the same row; respondent count is copied from the course quantity table.,direct source row; no category reinterpretation
dados,A13338:N13338,13338,administracao/historico/fontes/documentos/cpa-avaliacao-curso-informatica-biomedica-2022.xlsx,4c968ff6e4c32b9d023cfd4f783c0a38b3474bbcde231c383587a9198771cf40,AVALIAÇÃO DE CURSOS 2022 (13 a 28 de fevereiro 2023),Questoes!C2:C48,9164,291,1093,AVALIAÇÃO DE SERVIÇOS,Ouvidoria da UFPR:,40001016064G0,INFORMÁTICA BIOMÉDICA,110,SETOR DE CIÊNCIAS EXATAS,C,UFPR,AVALIAÇÃO DE SERVIÇOS,Não utilizei o serviço,literal response,three course respondents as explicitly labelled in Quantidade de respostas,3,One source response row. ID_PESQUISA is retained literally and is not reinterpreted as a person identifier. Course code/name are copied from the same row; respondent count is copied from the course quantity table.,direct source row; no category reinterpretation
dados,A13339:N13339,13339,administracao/historico/fontes/documentos/cpa-avaliacao-curso-informatica-biomedica-2022.xlsx,4c968ff6e4c32b9d023cfd4f783c0a38b3474bbcde231c383587a9198771cf40,AVALIAÇÃO DE CURSOS 2022 (13 a 28 de fevereiro 2023),Questoes!C2:C48,9164,291,1094,AVALIAÇÃO DE SERVIÇOS,"Indique sua satisfação com a qualidade dos serviços da UFPR de forma geral, considerando os serviços que você demanda e não foram listados acima. Considere em sua resposta o alcance dos objetivos da instituição previstos em sua missão:",40001016064G0,INFORMÁTICA BIOMÉDICA,110,SETOR DE CIÊNCIAS EXATAS,C,UFPR,AVALIAÇÃO DE SERVIÇOS,6,literal response,three course respondents as explicitly labelled in Quantidade de respostas,3,One source response row. ID_PESQUISA is retained literally and is not reinterpreted as a person identifier. Course code/name are copied from the same row; respondent count is copied from the course quantity table.,direct source row; no category reinterpretation
dados,A13340:N13340,13340,administracao/historico/fontes/documentos/cpa-avaliacao-curso-informatica-biomedica-2022.xlsx,4c968ff6e4c32b9d023cfd4f783c0a38b3474bbcde231c383587a9198771cf40,AVALIAÇÃO DE CURSOS 2022 (13 a 28 de fevereiro 2023),Questoes!C2:C48,9164,291,1095,AVALIAÇÃO DE SERVIÇOS,Unidade da cultura da PROEC:,40001016064G0,INFORMÁTICA BIOMÉDICA,110,SETOR DE CIÊNCIAS EXATAS,A,UFPR,AVALIAÇÃO DE SERVIÇOS,Não utilizei o serviço,literal response,three course respondents as explicitly labelled in Quantidade de respostas,3,One source response row. ID_PESQUISA is retained literally and is not reinterpreted as a person identifier. Course code/name are copied from the same row; respondent count is copied from the course quantity table.,direct source row; no category reinterpretation
dados,A13341:N13341,13341,administracao/historico/fontes/documentos/cpa-avaliacao-curso-informatica-biomedica-2022.xlsx,4c968ff6e4c32b9d023cfd4f783c0a38b3474bbcde231c383587a9198771cf40,AVALIAÇÃO DE CURSOS 2022 (13 a 28 de fevereiro 2023),Questoes!C2:C48,9164,292,1096,INSTRUMENTO E FERRAMENTA DE PESQUISA,Objetividade e clareza deste formulário avaliativo:,40001016064G0,INFORMÁTICA BIOMÉDICA,110,SETOR DE CIÊNCIAS EXATAS,D,UFPR,INSTRUMENTO E FERRAMENTA DE PESQUISA,Bom,literal response,three course respondents as explicitly labelled in Quantidade de respostas,3,One source response row. ID_PESQUISA is retained literally and is not reinterpreted as a person identifier. Course code/name are copied from the same row; respondent count is copied from the course quantity table.,direct source row; no category reinterpretation
dados,A13342:N13342,13342,administracao/historico/fontes/documentos/cpa-avaliacao-curso-informatica-biomedica-2022.xlsx,4c968ff6e4c32b9d023cfd4f783c0a38b3474bbcde231c383587a9198771cf40,AVALIAÇÃO DE CURSOS 2022 (13 a 28 de fevereiro 2023),Questoes!C2:C48,9164,292,1097,INSTRUMENTO E FERRAMENTA DE PESQUISA,Funcionalidade desta ferramenta desenvolvida pela Agtic para aplicação de pesquisas:,40001016064G0,INFORMÁTICA BIOMÉDICA,110,SETOR DE CIÊNCIAS EXATAS,D,UFPR,INSTRUMENTO E FERRAMENTA DE PESQUISA,Regular,literal response,three course respondents as explicitly labelled in Quantidade de respostas,3,One source response row. ID_PESQUISA is retained literally and is not reinterpreted as a person identifier. Course code/name are copied from the same row; respondent count is copied from the course quantity table.,direct source row; no category reinterpretation
dados,A13343:N13343,13343,administracao/historico/fontes/documentos/cpa-avaliacao-curso-informatica-biomedica-2022.xlsx,4c968ff6e4c32b9d023cfd4f783c0a38b3474bbcde231c383587a9198771cf40,AVALIAÇÃO DE CURSOS 2022 (13 a 28 de fevereiro 2023),Questoes!C2:C48,9164,298,1106,NÚCLEOS DE TECNOLOGIAS EDUCACIONAIS (NTEs),Você conhece os Núcleos de Tecnologias Educacionais (NTEs)? ,40001016064G0,INFORMÁTICA BIOMÉDICA,110,SETOR DE CIÊNCIAS EXATAS,B,UFPR,NÚCLEOS DE TECNOLOGIAS EDUCACIONAIS (NTEs),Não,literal response,three course respondents as explicitly labelled in Quantidade de respostas,3,One source response row. ID_PESQUISA is retained literally and is not reinterpreted as a person identifier. Course code/name are copied from the same row; respondent count is copied from the course quantity table.,direct source row; no category reinterpretation
dados,A13344:N13344,13344,administracao/historico/fontes/documentos/cpa-avaliacao-curso-informatica-biomedica-2022.xlsx,4c968ff6e4c32b9d023cfd4f783c0a38b3474bbcde231c383587a9198771cf40,AVALIAÇÃO DE CURSOS 2022 (13 a 28 de fevereiro 2023),Questoes!C2:C48,9164,299,1068,LABORATÓRIOS,Você utilizou um ou mais laboratórios da UFPR?,40001016064G0,INFORMÁTICA BIOMÉDICA,110,SETOR DE CIÊNCIAS EXATAS,B,UFPR,LABORATÓRIOS,Sim,literal response,three course respondents as explicitly labelled in Quantidade de respostas,3,One source response row. ID_PESQUISA is retained literally and is not reinterpreted as a person identifier. Course code/name are copied from the same row; respondent count is copied from the course quantity table.,direct source row; no category reinterpretation
dados,A13345:N13345,13345,administracao/historico/fontes/documentos/cpa-avaliacao-curso-informatica-biomedica-2022.xlsx,4c968ff6e4c32b9d023cfd4f783c0a38b3474bbcde231c383587a9198771cf40,AVALIAÇÃO DE CURSOS 2022 (13 a 28 de fevereiro 2023),Questoes!C2:C48,9164,299,1069,LABORATÓRIOS,"Avalie a adequação e flexibilidade de organização do espaço físico no(s) laboratório(s), incluindo as condições de conforto do ambiente:",40001016064G0,INFORMÁTICA BIOMÉDICA,110,SETOR DE CIÊNCIAS EXATAS,A,UFPR,LABORATÓRIOS,Bom,literal response,three course respondents as explicitly labelled in Quantidade de respostas,3,One source response row. ID_PESQUISA is retained literally and is not reinterpreted as a person identifier. Course code/name are copied from the same row; respondent count is copied from the course quantity table.,direct source row; no category reinterpretation
dados,A13346:N13346,13346,administracao/historico/fontes/documentos/cpa-avaliacao-curso-informatica-biomedica-2022.xlsx,4c968ff6e4c32b9d023cfd4f783c0a38b3474bbcde231c383587a9198771cf40,AVALIAÇÃO DE CURSOS 2022 (13 a 28 de fevereiro 2023),Questoes!C2:C48,9164,299,1070,LABORATÓRIOS,"Avalie as condições e disponibilidade de equipamentos e recursos de tecnologia da informação e comunicação no(s) laboratório(s), incluindo a manutenção e modernização:",40001016064G0,INFORMÁTICA BIOMÉDICA,110,SETOR DE CIÊNCIAS EXATAS,A,UFPR,LABORATÓRIOS,Bom,literal response,three course respondents as explicitly labelled in Quantidade de respostas,3,One source response row. ID_PESQUISA is retained literally and is not reinterpreted as a person identifier. Course code/name are copied from the same row; respondent count is copied from the course quantity table.,direct source row; no category reinterpretation
dados,A13347:N13347,13347,administracao/historico/fontes/documentos/cpa-avaliacao-curso-informatica-biomedica-2022.xlsx,4c968ff6e4c32b9d023cfd4f783c0a38b3474bbcde231c383587a9198771cf40,AVALIAÇÃO DE CURSOS 2022 (13 a 28 de fevereiro 2023),Questoes!C2:C48,9164,299,1071,LABORATÓRIOS,"Avalie as orientações e disponibilização de informações no(s) laboratório(s) sobre as normas internas de segurança (equipamento de proteção individual, manuseio de produtos, etc.):",40001016064G0,INFORMÁTICA BIOMÉDICA,110,SETOR DE CIÊNCIAS EXATAS,A,UFPR,LABORATÓRIOS,Bom,literal response,three course respondents as explicitly labelled in Quantidade de respostas,3,One source response row. ID_PESQUISA is retained literally and is not reinterpreted as a person identifier. Course code/name are copied from the same row; respondent count is copied from the course quantity table.,direct source row; no category reinterpretation
dados,A13348:N13348,13348,administracao/historico/fontes/documentos/cpa-avaliacao-curso-informatica-biomedica-2022.xlsx,4c968ff6e4c32b9d023cfd4f783c0a38b3474bbcde231c383587a9198771cf40,AVALIAÇÃO DE CURSOS 2022 (13 a 28 de fevereiro 2023),Questoes!C2:C48,10562,283,1052,SEGURANÇA,Proteção e segurança predial e do patrimônio público:,40001016064G0,INFORMÁTICA BIOMÉDICA,110,SETOR DE CIÊNCIAS EXATAS,A,UFPR,SEGURANÇA,Bom,literal response,three course respondents as explicitly labelled in Quantidade de respostas,3,One source response row. ID_PESQUISA is retained literally and is not reinterpreted as a person identifier. Course code/name are copied from the same row; respondent count is copied from the course quantity table.,direct source row; no category reinterpretation
dados,A13349:N13349,13349,administracao/historico/fontes/documentos/cpa-avaliacao-curso-informatica-biomedica-2022.xlsx,4c968ff6e4c32b9d023cfd4f783c0a38b3474bbcde231c383587a9198771cf40,AVALIAÇÃO DE CURSOS 2022 (13 a 28 de fevereiro 2023),Questoes!C2:C48,10562,283,1053,SEGURANÇA,Proteção e segurança das pessoas nos campi:,40001016064G0,INFORMÁTICA BIOMÉDICA,110,SETOR DE CIÊNCIAS EXATAS,A,UFPR,SEGURANÇA,Bom,literal response,three course respondents as explicitly labelled in Quantidade de respostas,3,One source response row. ID_PESQUISA is retained literally and is not reinterpreted as a person identifier. Course code/name are copied from the same row; respondent count is copied from the course quantity table.,direct source row; no category reinterpretation
dados,A13350:N13350,13350,administracao/historico/fontes/documentos/cpa-avaliacao-curso-informatica-biomedica-2022.xlsx,4c968ff6e4c32b9d023cfd4f783c0a38b3474bbcde231c383587a9198771cf40,AVALIAÇÃO DE CURSOS 2022 (13 a 28 de fevereiro 2023),Questoes!C2:C48,10562,283,1054,SEGURANÇA,"Adequação às normas de segurança dos ambientes externos e internos (plano de fuga em caso de incêndio, brigada de incêndio, placas de sinalização, sinais de trânsito, etc.):",40001016064G0,INFORMÁTICA BIOMÉDICA,110,SETOR DE CIÊNCIAS EXATAS,A,UFPR,SEGURANÇA,Não sei responder,literal response,three course respondents as explicitly labelled in Quantidade de respostas,3,One source response row. ID_PESQUISA is retained literally and is not reinterpreted as a person identifier. Course code/name are copied from the same row; respondent count is copied from the course quantity table.,direct source row; no category reinterpretation
dados,A13351:N13351,13351,administracao/historico/fontes/documentos/cpa-avaliacao-curso-informatica-biomedica-2022.xlsx,4c968ff6e4c32b9d023cfd4f783c0a38b3474bbcde231c383587a9198771cf40,AVALIAÇÃO DE CURSOS 2022 (13 a 28 de fevereiro 2023),Questoes!C2:C48,10562,284,1055,AMBIENTES,"Conservação e manutenção das áreas internas comuns (corredores, auditórios, espaços de convivência e alimentação, etc.):",40001016064G0,INFORMÁTICA BIOMÉDICA,110,SETOR DE CIÊNCIAS EXATAS,A,UFPR,AMBIENTES,Excelente,literal response,three course respondents as explicitly labelled in Quantidade de respostas,3,One source response row. ID_PESQUISA is retained literally and is not reinterpreted as a person identifier. Course code/name are copied from the same row; respondent count is copied from the course quantity table.,direct source row; no category reinterpretation
dados,A13352:N13352,13352,administracao/historico/fontes/documentos/cpa-avaliacao-curso-informatica-biomedica-2022.xlsx,4c968ff6e4c32b9d023cfd4f783c0a38b3474bbcde231c383587a9198771cf40,AVALIAÇÃO DE CURSOS 2022 (13 a 28 de fevereiro 2023),Questoes!C2:C48,10562,284,1056,AMBIENTES,"Conservação e manutenção das áreas externas (calçadas, vias de acesso, outros):",40001016064G0,INFORMÁTICA BIOMÉDICA,110,SETOR DE CIÊNCIAS EXATAS,A,UFPR,AMBIENTES,Excelente,literal response,three course respondents as explicitly labelled in Quantidade de respostas,3,One source response row. ID_PESQUISA is retained literally and is not reinterpreted as a person identifier. Course code/name are copied from the same row; respondent count is copied from the course quantity table.,direct source row; no category reinterpretation
dados,A13353:N13353,13353,administracao/historico/fontes/documentos/cpa-avaliacao-curso-informatica-biomedica-2022.xlsx,4c968ff6e4c32b9d023cfd4f783c0a38b3474bbcde231c383587a9198771cf40,AVALIAÇÃO DE CURSOS 2022 (13 a 28 de fevereiro 2023),Questoes!C2:C48,10562,284,1057,AMBIENTES,Instalações sanitárias:,40001016064G0,INFORMÁTICA BIOMÉDICA,110,SETOR DE CIÊNCIAS EXATAS,A,UFPR,AMBIENTES,Regular,literal response,three course respondents as explicitly labelled in Quantidade de respostas,3,One source response row. ID_PESQUISA is retained literally and is not reinterpreted as a person identifier. Course code/name are copied from the same row; respondent count is copied from the course quantity table.,direct source row; no category reinterpretation
dados,A13354:N13354,13354,administracao/historico/fontes/documentos/cpa-avaliacao-curso-informatica-biomedica-2022.xlsx,4c968ff6e4c32b9d023cfd4f783c0a38b3474bbcde231c383587a9198771cf40,AVALIAÇÃO DE CURSOS 2022 (13 a 28 de fevereiro 2023),Questoes!C2:C48,10562,284,1058,AMBIENTES,"Acessibilidade (elevadores, rampas de acesso, adequação às demandas de pessoas com deficiência):",40001016064G0,INFORMÁTICA BIOMÉDICA,110,SETOR DE CIÊNCIAS EXATAS,A,UFPR,AMBIENTES,Excelente,literal response,three course respondents as explicitly labelled in Quantidade de respostas,3,One source response row. ID_PESQUISA is retained literally and is not reinterpreted as a person identifier. Course code/name are copied from the same row; respondent count is copied from the course quantity table.,direct source row; no category reinterpretation
dados,A13355:N13355,13355,administracao/historico/fontes/documentos/cpa-avaliacao-curso-informatica-biomedica-2022.xlsx,4c968ff6e4c32b9d023cfd4f783c0a38b3474bbcde231c383587a9198771cf40,AVALIAÇÃO DE CURSOS 2022 (13 a 28 de fevereiro 2023),Questoes!C2:C48,10562,285,1059,SERVIÇOS TERCEIRIZADOS,Qualidade dos serviços de limpeza e higiene dos ambientes:,40001016064G0,INFORMÁTICA BIOMÉDICA,110,SETOR DE CIÊNCIAS EXATAS,A,UFPR,SERVIÇOS TERCEIRIZADOS,Excelente,literal response,three course respondents as explicitly labelled in Quantidade de respostas,3,One source response row. ID_PESQUISA is retained literally and is not reinterpreted as a person identifier. Course code/name are copied from the same row; respondent count is copied from the course quantity table.,direct source row; no category reinterpretation
dados,A13356:N13356,13356,administracao/historico/fontes/documentos/cpa-avaliacao-curso-informatica-biomedica-2022.xlsx,4c968ff6e4c32b9d023cfd4f783c0a38b3474bbcde231c383587a9198771cf40,AVALIAÇÃO DE CURSOS 2022 (13 a 28 de fevereiro 2023),Questoes!C2:C48,10562,285,1060,SERVIÇOS TERCEIRIZADOS,Qualidade dos serviços de manutenção dos ambientes internos e externos:,40001016064G0,INFORMÁTICA BIOMÉDICA,110,SETOR DE CIÊNCIAS EXATAS,A,UFPR,SERVIÇOS TERCEIRIZADOS,Excelente,literal response,three course respondents as explicitly labelled in Quantidade de respostas,3,One source response row. ID_PESQUISA is retained literally and is not reinterpreted as a person identifier. Course code/name are copied from the same row; respondent count is copied from the course quantity table.,direct source row; no category reinterpretation
dados,A13357:N13357,13357,administracao/historico/fontes/documentos/cpa-avaliacao-curso-informatica-biomedica-2022.xlsx,4c968ff6e4c32b9d023cfd4f783c0a38b3474bbcde231c383587a9198771cf40,AVALIAÇÃO DE CURSOS 2022 (13 a 28 de fevereiro 2023),Questoes!C2:C48,10562,285,1061,SERVIÇOS TERCEIRIZADOS,Qualidade do atendimento nos restaurantes universitários :,40001016064G0,INFORMÁTICA BIOMÉDICA,110,SETOR DE CIÊNCIAS EXATAS,A,UFPR,SERVIÇOS TERCEIRIZADOS,Excelente,literal response,three course respondents as explicitly labelled in Quantidade de respostas,3,One source response row. ID_PESQUISA is retained literally and is not reinterpreted as a person identifier. Course code/name are copied from the same row; respondent count is copied from the course quantity table.,direct source row; no category reinterpretation
dados,A13358:N13358,13358,administracao/historico/fontes/documentos/cpa-avaliacao-curso-informatica-biomedica-2022.xlsx,4c968ff6e4c32b9d023cfd4f783c0a38b3474bbcde231c383587a9198771cf40,AVALIAÇÃO DE CURSOS 2022 (13 a 28 de fevereiro 2023),Questoes!C2:C48,10562,285,1062,SERVIÇOS TERCEIRIZADOS,"Qualidade dos serviços de atendimento ao público: recepções, portarias e guaritas:",40001016064G0,INFORMÁTICA BIOMÉDICA,110,SETOR DE CIÊNCIAS EXATAS,A,UFPR,SERVIÇOS TERCEIRIZADOS,Excelente,literal response,three course respondents as explicitly labelled in Quantidade de respostas,3,One source response row. ID_PESQUISA is retained literally and is not reinterpreted as a person identifier. Course code/name are copied from the same row; respondent count is copied from the course quantity table.,direct source row; no category reinterpretation
dados,A13359:N13359,13359,administracao/historico/fontes/documentos/cpa-avaliacao-curso-informatica-biomedica-2022.xlsx,4c968ff6e4c32b9d023cfd4f783c0a38b3474bbcde231c383587a9198771cf40,AVALIAÇÃO DE CURSOS 2022 (13 a 28 de fevereiro 2023),Questoes!C2:C48,10562,286,1063,SALAS DE AULA,"Adequação e flexibilidade de organização do espaço perante às necessidades do curso, incluindo as condições de conforto do ambiente:",40001016064G0,INFORMÁTICA BIOMÉDICA,110,SETOR DE CIÊNCIAS EXATAS,A,UFPR,SALAS DE AULA,Regular,literal response,three course respondents as explicitly labelled in Quantidade de respostas,3,One source response row. ID_PESQUISA is retained literally and is not reinterpreted as a person identifier. Course code/name are copied from the same row; respondent count is copied from the course quantity table.,direct source row; no category reinterpretation
dados,A13360:N13360,13360,administracao/historico/fontes/documentos/cpa-avaliacao-curso-informatica-biomedica-2022.xlsx,4c968ff6e4c32b9d023cfd4f783c0a38b3474bbcde231c383587a9198771cf40,AVALIAÇÃO DE CURSOS 2022 (13 a 28 de fevereiro 2023),Questoes!C2:C48,10562,286,1064,SALAS DE AULA,"Recursos de tecnologia da informação e comunicação, incluindo as ações de modernização dos equipamentos:",40001016064G0,INFORMÁTICA BIOMÉDICA,110,SETOR DE CIÊNCIAS EXATAS,A,UFPR,SALAS DE AULA,Ruim,literal response,three course respondents as explicitly labelled in Quantidade de respostas,3,One source response row. ID_PESQUISA is retained literally and is not reinterpreted as a person identifier. Course code/name are copied from the same row; respondent count is copied from the course quantity table.,direct source row; no category reinterpretation
dados,A13361:N13361,13361,administracao/historico/fontes/documentos/cpa-avaliacao-curso-informatica-biomedica-2022.xlsx,4c968ff6e4c32b9d023cfd4f783c0a38b3474bbcde231c383587a9198771cf40,AVALIAÇÃO DE CURSOS 2022 (13 a 28 de fevereiro 2023),Questoes!C2:C48,10562,289,1072,BIBLIOTECAS,Atualização e manutenção do acervo físico e/ou digital:,40001016064G0,INFORMÁTICA BIOMÉDICA,110,SETOR DE CIÊNCIAS EXATAS,A,UFPR,BIBLIOTECAS,Não sei responder,literal response,three course respondents as explicitly labelled in Quantidade de respostas,3,One source response row. ID_PESQUISA is retained literally and is not reinterpreted as a person identifier. Course code/name are copied from the same row; respondent count is copied from the course quantity table.,direct source row; no category reinterpretation
dados,A13362:N13362,13362,administracao/historico/fontes/documentos/cpa-avaliacao-curso-informatica-biomedica-2022.xlsx,4c968ff6e4c32b9d023cfd4f783c0a38b3474bbcde231c383587a9198771cf40,AVALIAÇÃO DE CURSOS 2022 (13 a 28 de fevereiro 2023),Questoes!C2:C48,10562,289,1073,BIBLIOTECAS,Uso do catálogo eletrônico (acervo.ufpr.br):,40001016064G0,INFORMÁTICA BIOMÉDICA,110,SETOR DE CIÊNCIAS EXATAS,A,UFPR,BIBLIOTECAS,Não sei responder,literal response,three course respondents as explicitly labelled in Quantidade de respostas,3,One source response row. ID_PESQUISA is retained literally and is not reinterpreted as a person identifier. Course code/name are copied from the same row; respondent count is copied from the course quantity table.,direct source row; no category reinterpretation
dados,A13363:N13363,13363,administracao/historico/fontes/documentos/cpa-avaliacao-curso-informatica-biomedica-2022.xlsx,4c968ff6e4c32b9d023cfd4f783c0a38b3474bbcde231c383587a9198771cf40,AVALIAÇÃO DE CURSOS 2022 (13 a 28 de fevereiro 2023),Questoes!C2:C48,10562,289,1074,BIBLIOTECAS,Horário(s) de funcionamento:,40001016064G0,INFORMÁTICA BIOMÉDICA,110,SETOR DE CIÊNCIAS EXATAS,A,UFPR,BIBLIOTECAS,Não sei responder,literal response,three course respondents as explicitly labelled in Quantidade de respostas,3,One source response row. ID_PESQUISA is retained literally and is not reinterpreted as a person identifier. Course code/name are copied from the same row; respondent count is copied from the course quantity table.,direct source row; no category reinterpretation
dados,A13364:N13364,13364,administracao/historico/fontes/documentos/cpa-avaliacao-curso-informatica-biomedica-2022.xlsx,4c968ff6e4c32b9d023cfd4f783c0a38b3474bbcde231c383587a9198771cf40,AVALIAÇÃO DE CURSOS 2022 (13 a 28 de fevereiro 2023),Questoes!C2:C48,10562,289,1075,BIBLIOTECAS,"Canais de comunicação (portal do SiBi, redes sociais e outros):",40001016064G0,INFORMÁTICA BIOMÉDICA,110,SETOR DE CIÊNCIAS EXATAS,A,UFPR,BIBLIOTECAS,Bom,literal response,three course respondents as explicitly labelled in Quantidade de respostas,3,One source response row. ID_PESQUISA is retained literally and is not reinterpreted as a person identifier. Course code/name are copied from the same row; respondent count is copied from the course quantity table.,direct source row; no category reinterpretation
dados,A13365:N13365,13365,administracao/historico/fontes/documentos/cpa-avaliacao-curso-informatica-biomedica-2022.xlsx,4c968ff6e4c32b9d023cfd4f783c0a38b3474bbcde231c383587a9198771cf40,AVALIAÇÃO DE CURSOS 2022 (13 a 28 de fevereiro 2023),Questoes!C2:C48,10562,289,1076,BIBLIOTECAS,Oferta de capacitações aos usuários:,40001016064G0,INFORMÁTICA BIOMÉDICA,110,SETOR DE CIÊNCIAS EXATAS,A,UFPR,BIBLIOTECAS,Excelente,literal response,three course respondents as explicitly labelled in Quantidade de respostas,3,One source response row. ID_PESQUISA is retained literally and is not reinterpreted as a person identifier. Course code/name are copied from the same row; respondent count is copied from the course quantity table.,direct source row; no category reinterpretation
dados,A13366:N13366,13366,administracao/historico/fontes/documentos/cpa-avaliacao-curso-informatica-biomedica-2022.xlsx,4c968ff6e4c32b9d023cfd4f783c0a38b3474bbcde231c383587a9198771cf40,AVALIAÇÃO DE CURSOS 2022 (13 a 28 de fevereiro 2023),Questoes!C2:C48,10562,289,1077,BIBLIOTECAS,Contéudos de acesso digital (Repositório Digital Institucional e bases/plataformas de dados):,40001016064G0,INFORMÁTICA BIOMÉDICA,110,SETOR DE CIÊNCIAS EXATAS,A,UFPR,BIBLIOTECAS,Não sei responder,literal response,three course respondents as explicitly labelled in Quantidade de respostas,3,One source response row. ID_PESQUISA is retained literally and is not reinterpreted as a person identifier. Course code/name are copied from the same row; respondent count is copied from the course quantity table.,direct source row; no category reinterpretation
dados,A13367:N13367,13367,administracao/historico/fontes/documentos/cpa-avaliacao-curso-informatica-biomedica-2022.xlsx,4c968ff6e4c32b9d023cfd4f783c0a38b3474bbcde231c383587a9198771cf40,AVALIAÇÃO DE CURSOS 2022 (13 a 28 de fevereiro 2023),Questoes!C2:C48,10562,289,1078,BIBLIOTECAS,Atendimento às necessidades de acessibilidade física e informacional:,40001016064G0,INFORMÁTICA BIOMÉDICA,110,SETOR DE CIÊNCIAS EXATAS,A,UFPR,BIBLIOTECAS,Não sei responder,literal response,three course respondents as explicitly labelled in Quantidade de respostas,3,One source response row. ID_PESQUISA is retained literally and is not reinterpreted as a person identifier. Course code/name are copied from the same row; respondent count is copied from the course quantity table.,direct source row; no category reinterpretation
dados,A13368:N13368,13368,administracao/historico/fontes/documentos/cpa-avaliacao-curso-informatica-biomedica-2022.xlsx,4c968ff6e4c32b9d023cfd4f783c0a38b3474bbcde231c383587a9198771cf40,AVALIAÇÃO DE CURSOS 2022 (13 a 28 de fevereiro 2023),Questoes!C2:C48,10562,290,1079,SISTEMAS E REDES,SIGA - atendimento às atividades acadêmicas do curso:,40001016064G0,INFORMÁTICA BIOMÉDICA,110,SETOR DE CIÊNCIAS EXATAS,A,UFPR,SISTEMAS E REDES,Bom,literal response,three course respondents as explicitly labelled in Quantidade de respostas,3,One source response row. ID_PESQUISA is retained literally and is not reinterpreted as a person identifier. Course code/name are copied from the same row; respondent count is copied from the course quantity table.,direct source row; no category reinterpretation
dados,A13369:N13369,13369,administracao/historico/fontes/documentos/cpa-avaliacao-curso-informatica-biomedica-2022.xlsx,4c968ff6e4c32b9d023cfd4f783c0a38b3474bbcde231c383587a9198771cf40,AVALIAÇÃO DE CURSOS 2022 (13 a 28 de fevereiro 2023),Questoes!C2:C48,10562,290,1080,SISTEMAS E REDES,UFPR VIRTUAL - atendimento às atividades acadêmicas do curso :,40001016064G0,INFORMÁTICA BIOMÉDICA,110,SETOR DE CIÊNCIAS EXATAS,A,UFPR,SISTEMAS E REDES,Excelente,literal response,three course respondents as explicitly labelled in Quantidade de respostas,3,One source response row. ID_PESQUISA is retained literally and is not reinterpreted as a person identifier. Course code/name are copied from the same row; respondent count is copied from the course quantity table.,direct source row; no category reinterpretation
dados,A13370:N13370,13370,administracao/historico/fontes/documentos/cpa-avaliacao-curso-informatica-biomedica-2022.xlsx,4c968ff6e4c32b9d023cfd4f783c0a38b3474bbcde231c383587a9198771cf40,AVALIAÇÃO DE CURSOS 2022 (13 a 28 de fevereiro 2023),Questoes!C2:C48,10562,290,1081,SISTEMAS E REDES,Qualidade das redes ofertadas pela instituição:,40001016064G0,INFORMÁTICA BIOMÉDICA,110,SETOR DE CIÊNCIAS EXATAS,A,UFPR,SISTEMAS E REDES,Bom,literal response,three course respondents as explicitly labelled in Quantidade de respostas,3,One source response row. ID_PESQUISA is retained literally and is not reinterpreted as a person identifier. Course code/name are copied from the same row; respondent count is copied from the course quantity table.,direct source row; no category reinterpretation
dados,A13371:N13371,13371,administracao/historico/fontes/documentos/cpa-avaliacao-curso-informatica-biomedica-2022.xlsx,4c968ff6e4c32b9d023cfd4f783c0a38b3474bbcde231c383587a9198771cf40,AVALIAÇÃO DE CURSOS 2022 (13 a 28 de fevereiro 2023),Questoes!C2:C48,10562,291,1082,AVALIAÇÃO DE SERVIÇOS,Coordenação do Curso:,40001016064G0,INFORMÁTICA BIOMÉDICA,110,SETOR DE CIÊNCIAS EXATAS,A,UFPR,AVALIAÇÃO DE SERVIÇOS,8,literal response,three course respondents as explicitly labelled in Quantidade de respostas,3,One source response row. ID_PESQUISA is retained literally and is not reinterpreted as a person identifier. Course code/name are copied from the same row; respondent count is copied from the course quantity table.,direct source row; no category reinterpretation
dados,A13372:N13372,13372,administracao/historico/fontes/documentos/cpa-avaliacao-curso-informatica-biomedica-2022.xlsx,4c968ff6e4c32b9d023cfd4f783c0a38b3474bbcde231c383587a9198771cf40,AVALIAÇÃO DE CURSOS 2022 (13 a 28 de fevereiro 2023),Questoes!C2:C48,10562,291,1083,AVALIAÇÃO DE SERVIÇOS,Secretaria do Curso:,40001016064G0,INFORMÁTICA BIOMÉDICA,110,SETOR DE CIÊNCIAS EXATAS,A,UFPR,AVALIAÇÃO DE SERVIÇOS,10,literal response,three course respondents as explicitly labelled in Quantidade de respostas,3,One source response row. ID_PESQUISA is retained literally and is not reinterpreted as a person identifier. Course code/name are copied from the same row; respondent count is copied from the course quantity table.,direct source row; no category reinterpretation
dados,A13373:N13373,13373,administracao/historico/fontes/documentos/cpa-avaliacao-curso-informatica-biomedica-2022.xlsx,4c968ff6e4c32b9d023cfd4f783c0a38b3474bbcde231c383587a9198771cf40,AVALIAÇÃO DE CURSOS 2022 (13 a 28 de fevereiro 2023),Questoes!C2:C48,10562,291,1084,AVALIAÇÃO DE SERVIÇOS,Secretarias dos departamentos que atendem ao curso:,40001016064G0,INFORMÁTICA BIOMÉDICA,110,SETOR DE CIÊNCIAS EXATAS,A,UFPR,AVALIAÇÃO DE SERVIÇOS,10,literal response,three course respondents as explicitly labelled in Quantidade de respostas,3,One source response row. ID_PESQUISA is retained literally and is not reinterpreted as a person identifier. Course code/name are copied from the same row; respondent count is copied from the course quantity table.,direct source row; no category reinterpretation
dados,A13374:N13374,13374,administracao/historico/fontes/documentos/cpa-avaliacao-curso-informatica-biomedica-2022.xlsx,4c968ff6e4c32b9d023cfd4f783c0a38b3474bbcde231c383587a9198771cf40,AVALIAÇÃO DE CURSOS 2022 (13 a 28 de fevereiro 2023),Questoes!C2:C48,10562,291,1085,AVALIAÇÃO DE SERVIÇOS,Biblioteca(s):,40001016064G0,INFORMÁTICA BIOMÉDICA,110,SETOR DE CIÊNCIAS EXATAS,A,UFPR,AVALIAÇÃO DE SERVIÇOS,Não utilizei o serviço,literal response,three course respondents as explicitly labelled in Quantidade de respostas,3,One source response row. ID_PESQUISA is retained literally and is not reinterpreted as a person identifier. Course code/name are copied from the same row; respondent count is copied from the course quantity table.,direct source row; no category reinterpretation
dados,A13375:N13375,13375,administracao/historico/fontes/documentos/cpa-avaliacao-curso-informatica-biomedica-2022.xlsx,4c968ff6e4c32b9d023cfd4f783c0a38b3474bbcde231c383587a9198771cf40,AVALIAÇÃO DE CURSOS 2022 (13 a 28 de fevereiro 2023),Questoes!C2:C48,10562,291,1086,AVALIAÇÃO DE SERVIÇOS,"Laboratório(s), quando houver:",40001016064G0,INFORMÁTICA BIOMÉDICA,110,SETOR DE CIÊNCIAS EXATAS,A,UFPR,AVALIAÇÃO DE SERVIÇOS,8,literal response,three course respondents as explicitly labelled in Quantidade de respostas,3,One source response row. ID_PESQUISA is retained literally and is not reinterpreted as a person identifier. Course code/name are copied from the same row; respondent count is copied from the course quantity table.,direct source row; no category reinterpretation
dados,A13376:N13376,13376,administracao/historico/fontes/documentos/cpa-avaliacao-curso-informatica-biomedica-2022.xlsx,4c968ff6e4c32b9d023cfd4f783c0a38b3474bbcde231c383587a9198771cf40,AVALIAÇÃO DE CURSOS 2022 (13 a 28 de fevereiro 2023),Questoes!C2:C48,10562,291,1087,AVALIAÇÃO DE SERVIÇOS,Unidade de atendimento ao público da PROGRAD:,40001016064G0,INFORMÁTICA BIOMÉDICA,110,SETOR DE CIÊNCIAS EXATAS,A,UFPR,AVALIAÇÃO DE SERVIÇOS,Não utilizei o serviço,literal response,three course respondents as explicitly labelled in Quantidade de respostas,3,One source response row. ID_PESQUISA is retained literally and is not reinterpreted as a person identifier. Course code/name are copied from the same row; respondent count is copied from the course quantity table.,direct source row; no category reinterpretation
dados,A13377:N13377,13377,administracao/historico/fontes/documentos/cpa-avaliacao-curso-informatica-biomedica-2022.xlsx,4c968ff6e4c32b9d023cfd4f783c0a38b3474bbcde231c383587a9198771cf40,AVALIAÇÃO DE CURSOS 2022 (13 a 28 de fevereiro 2023),Questoes!C2:C48,10562,291,1088,AVALIAÇÃO DE SERVIÇOS,Unidade de estágio da PROGRAD:,40001016064G0,INFORMÁTICA BIOMÉDICA,110,SETOR DE CIÊNCIAS EXATAS,A,UFPR,AVALIAÇÃO DE SERVIÇOS,Não utilizei o serviço,literal response,three course respondents as explicitly labelled in Quantidade de respostas,3,One source response row. ID_PESQUISA is retained literally and is not reinterpreted as a person identifier. Course code/name are copied from the same row; respondent count is copied from the course quantity table.,direct source row; no category reinterpretation
dados,A13378:N13378,13378,administracao/historico/fontes/documentos/cpa-avaliacao-curso-informatica-biomedica-2022.xlsx,4c968ff6e4c32b9d023cfd4f783c0a38b3474bbcde231c383587a9198771cf40,AVALIAÇÃO DE CURSOS 2022 (13 a 28 de fevereiro 2023),Questoes!C2:C48,10562,291,1089,AVALIAÇÃO DE SERVIÇOS,Unidade da extensão da PROEC:,40001016064G0,INFORMÁTICA BIOMÉDICA,110,SETOR DE CIÊNCIAS EXATAS,A,UFPR,AVALIAÇÃO DE SERVIÇOS,Não utilizei o serviço,literal response,three course respondents as explicitly labelled in Quantidade de respostas,3,One source response row. ID_PESQUISA is retained literally and is not reinterpreted as a person identifier. Course code/name are copied from the same row; respondent count is copied from the course quantity table.,direct source row; no category reinterpretation
dados,A13379:N13379,13379,administracao/historico/fontes/documentos/cpa-avaliacao-curso-informatica-biomedica-2022.xlsx,4c968ff6e4c32b9d023cfd4f783c0a38b3474bbcde231c383587a9198771cf40,AVALIAÇÃO DE CURSOS 2022 (13 a 28 de fevereiro 2023),Questoes!C2:C48,10562,291,1090,AVALIAÇÃO DE SERVIÇOS,"Unidade de apoio pedagógico, psicológico e social da PRAE:",40001016064G0,INFORMÁTICA BIOMÉDICA,110,SETOR DE CIÊNCIAS EXATAS,C,UFPR,AVALIAÇÃO DE SERVIÇOS,Não utilizei o serviço,literal response,three course respondents as explicitly labelled in Quantidade de respostas,3,One source response row. ID_PESQUISA is retained literally and is not reinterpreted as a person identifier. Course code/name are copied from the same row; respondent count is copied from the course quantity table.,direct source row; no category reinterpretation
dados,A13380:N13380,13380,administracao/historico/fontes/documentos/cpa-avaliacao-curso-informatica-biomedica-2022.xlsx,4c968ff6e4c32b9d023cfd4f783c0a38b3474bbcde231c383587a9198771cf40,AVALIAÇÃO DE CURSOS 2022 (13 a 28 de fevereiro 2023),Questoes!C2:C48,10562,291,1091,AVALIAÇÃO DE SERVIÇOS,Unidade de apoio à saúde (Casas) da PROGEPE:,40001016064G0,INFORMÁTICA BIOMÉDICA,110,SETOR DE CIÊNCIAS EXATAS,C,UFPR,AVALIAÇÃO DE SERVIÇOS,Não utilizei o serviço,literal response,three course respondents as explicitly labelled in Quantidade de respostas,3,One source response row. ID_PESQUISA is retained literally and is not reinterpreted as a person identifier. Course code/name are copied from the same row; respondent count is copied from the course quantity table.,direct source row; no category reinterpretation
dados,A13381:N13381,13381,administracao/historico/fontes/documentos/cpa-avaliacao-curso-informatica-biomedica-2022.xlsx,4c968ff6e4c32b9d023cfd4f783c0a38b3474bbcde231c383587a9198771cf40,AVALIAÇÃO DE CURSOS 2022 (13 a 28 de fevereiro 2023),Questoes!C2:C48,10562,291,1092,AVALIAÇÃO DE SERVIÇOS,"SIPAD (Superintendência de Inclusão, Políticas Afirmativas e Diversidade):",40001016064G0,INFORMÁTICA BIOMÉDICA,110,SETOR DE CIÊNCIAS EXATAS,C,UFPR,AVALIAÇÃO DE SERVIÇOS,Não utilizei o serviço,literal response,three course respondents as explicitly labelled in Quantidade de respostas,3,One source response row. ID_PESQUISA is retained literally and is not reinterpreted as a person identifier. Course code/name are copied from the same row; respondent count is copied from the course quantity table.,direct source row; no category reinterpretation
dados,A13382:N13382,13382,administracao/historico/fontes/documentos/cpa-avaliacao-curso-informatica-biomedica-2022.xlsx,4c968ff6e4c32b9d023cfd4f783c0a38b3474bbcde231c383587a9198771cf40,AVALIAÇÃO DE CURSOS 2022 (13 a 28 de fevereiro 2023),Questoes!C2:C48,10562,291,1093,AVALIAÇÃO DE SERVIÇOS,Ouvidoria da UFPR:,40001016064G0,INFORMÁTICA BIOMÉDICA,110,SETOR DE CIÊNCIAS EXATAS,C,UFPR,AVALIAÇÃO DE SERVIÇOS,Não utilizei o serviço,literal response,three course respondents as explicitly labelled in Quantidade de respostas,3,One source response row. ID_PESQUISA is retained literally and is not reinterpreted as a person identifier. Course code/name are copied from the same row; respondent count is copied from the course quantity table.,direct source row; no category reinterpretation
dados,A13383:N13383,13383,administracao/historico/fontes/documentos/cpa-avaliacao-curso-informatica-biomedica-2022.xlsx,4c968ff6e4c32b9d023cfd4f783c0a38b3474bbcde231c383587a9198771cf40,AVALIAÇÃO DE CURSOS 2022 (13 a 28 de fevereiro 2023),Questoes!C2:C48,10562,291,1094,AVALIAÇÃO DE SERVIÇOS,"Indique sua satisfação com a qualidade dos serviços da UFPR de forma geral, considerando os serviços que você demanda e não foram listados acima. Considere em sua resposta o alcance dos objetivos da instituição previstos em sua missão:",40001016064G0,INFORMÁTICA BIOMÉDICA,110,SETOR DE CIÊNCIAS EXATAS,C,UFPR,AVALIAÇÃO DE SERVIÇOS,6,literal response,three course respondents as explicitly labelled in Quantidade de respostas,3,One source response row. ID_PESQUISA is retained literally and is not reinterpreted as a person identifier. Course code/name are copied from the same row; respondent count is copied from the course quantity table.,direct source row; no category reinterpretation
dados,A13384:N13384,13384,administracao/historico/fontes/documentos/cpa-avaliacao-curso-informatica-biomedica-2022.xlsx,4c968ff6e4c32b9d023cfd4f783c0a38b3474bbcde231c383587a9198771cf40,AVALIAÇÃO DE CURSOS 2022 (13 a 28 de fevereiro 2023),Questoes!C2:C48,10562,291,1095,AVALIAÇÃO DE SERVIÇOS,Unidade da cultura da PROEC:,40001016064G0,INFORMÁTICA BIOMÉDICA,110,SETOR DE CIÊNCIAS EXATAS,A,UFPR,AVALIAÇÃO DE SERVIÇOS,2,literal response,three course respondents as explicitly labelled in Quantidade de respostas,3,One source response row. ID_PESQUISA is retained literally and is not reinterpreted as a person identifier. Course code/name are copied from the same row; respondent count is copied from the course quantity table.,direct source row; no category reinterpretation
dados,A13385:N13385,13385,administracao/historico/fontes/documentos/cpa-avaliacao-curso-informatica-biomedica-2022.xlsx,4c968ff6e4c32b9d023cfd4f783c0a38b3474bbcde231c383587a9198771cf40,AVALIAÇÃO DE CURSOS 2022 (13 a 28 de fevereiro 2023),Questoes!C2:C48,10562,292,1096,INSTRUMENTO E FERRAMENTA DE PESQUISA,Objetividade e clareza deste formulário avaliativo:,40001016064G0,INFORMÁTICA BIOMÉDICA,110,SETOR DE CIÊNCIAS EXATAS,D,UFPR,INSTRUMENTO E FERRAMENTA DE PESQUISA,Excelente,literal response,three course respondents as explicitly labelled in Quantidade de respostas,3,One source response row. ID_PESQUISA is retained literally and is not reinterpreted as a person identifier. Course code/name are copied from the same row; respondent count is copied from the course quantity table.,direct source row; no category reinterpretation
dados,A13386:N13386,13386,administracao/historico/fontes/documentos/cpa-avaliacao-curso-informatica-biomedica-2022.xlsx,4c968ff6e4c32b9d023cfd4f783c0a38b3474bbcde231c383587a9198771cf40,AVALIAÇÃO DE CURSOS 2022 (13 a 28 de fevereiro 2023),Questoes!C2:C48,10562,292,1097,INSTRUMENTO E FERRAMENTA DE PESQUISA,Funcionalidade desta ferramenta desenvolvida pela Agtic para aplicação de pesquisas:,40001016064G0,INFORMÁTICA BIOMÉDICA,110,SETOR DE CIÊNCIAS EXATAS,D,UFPR,INSTRUMENTO E FERRAMENTA DE PESQUISA,Excelente,literal response,three course respondents as explicitly labelled in Quantidade de respostas,3,One source response row. ID_PESQUISA is retained literally and is not reinterpreted as a person identifier. Course code/name are copied from the same row; respondent count is copied from the course quantity table.,direct source row; no category reinterpretation
dados,A13387:N13387,13387,administracao/historico/fontes/documentos/cpa-avaliacao-curso-informatica-biomedica-2022.xlsx,4c968ff6e4c32b9d023cfd4f783c0a38b3474bbcde231c383587a9198771cf40,AVALIAÇÃO DE CURSOS 2022 (13 a 28 de fevereiro 2023),Questoes!C2:C48,10562,298,1106,NÚCLEOS DE TECNOLOGIAS EDUCACIONAIS (NTEs),Você conhece os Núcleos de Tecnologias Educacionais (NTEs)? ,40001016064G0,INFORMÁTICA BIOMÉDICA,110,SETOR DE CIÊNCIAS EXATAS,B,UFPR,NÚCLEOS DE TECNOLOGIAS EDUCACIONAIS (NTEs),Não,literal response,three course respondents as explicitly labelled in Quantidade de respostas,3,One source response row. ID_PESQUISA is retained literally and is not reinterpreted as a person identifier. Course code/name are copied from the same row; respondent count is copied from the course quantity table.,direct source row; no category reinterpretation
dados,A13388:N13388,13388,administracao/historico/fontes/documentos/cpa-avaliacao-curso-informatica-biomedica-2022.xlsx,4c968ff6e4c32b9d023cfd4f783c0a38b3474bbcde231c383587a9198771cf40,AVALIAÇÃO DE CURSOS 2022 (13 a 28 de fevereiro 2023),Questoes!C2:C48,10562,299,1068,LABORATÓRIOS,Você utilizou um ou mais laboratórios da UFPR?,40001016064G0,INFORMÁTICA BIOMÉDICA,110,SETOR DE CIÊNCIAS EXATAS,B,UFPR,LABORATÓRIOS,Sim,literal response,three course respondents as explicitly labelled in Quantidade de respostas,3,One source response row. ID_PESQUISA is retained literally and is not reinterpreted as a person identifier. Course code/name are copied from the same row; respondent count is copied from the course quantity table.,direct source row; no category reinterpretation
dados,A13389:N13389,13389,administracao/historico/fontes/documentos/cpa-avaliacao-curso-informatica-biomedica-2022.xlsx,4c968ff6e4c32b9d023cfd4f783c0a38b3474bbcde231c383587a9198771cf40,AVALIAÇÃO DE CURSOS 2022 (13 a 28 de fevereiro 2023),Questoes!C2:C48,10562,299,1069,LABORATÓRIOS,"Avalie a adequação e flexibilidade de organização do espaço físico no(s) laboratório(s), incluindo as condições de conforto do ambiente:",40001016064G0,INFORMÁTICA BIOMÉDICA,110,SETOR DE CIÊNCIAS EXATAS,A,UFPR,LABORATÓRIOS,Bom,literal response,three course respondents as explicitly labelled in Quantidade de respostas,3,One source response row. ID_PESQUISA is retained literally and is not reinterpreted as a person identifier. Course code/name are copied from the same row; respondent count is copied from the course quantity table.,direct source row; no category reinterpretation
dados,A13390:N13390,13390,administracao/historico/fontes/documentos/cpa-avaliacao-curso-informatica-biomedica-2022.xlsx,4c968ff6e4c32b9d023cfd4f783c0a38b3474bbcde231c383587a9198771cf40,AVALIAÇÃO DE CURSOS 2022 (13 a 28 de fevereiro 2023),Questoes!C2:C48,10562,299,1070,LABORATÓRIOS,"Avalie as condições e disponibilidade de equipamentos e recursos de tecnologia da informação e comunicação no(s) laboratório(s), incluindo a manutenção e modernização:",40001016064G0,INFORMÁTICA BIOMÉDICA,110,SETOR DE CIÊNCIAS EXATAS,A,UFPR,LABORATÓRIOS,Regular,literal response,three course respondents as explicitly labelled in Quantidade de respostas,3,One source response row. ID_PESQUISA is retained literally and is not reinterpreted as a person identifier. Course code/name are copied from the same row; respondent count is copied from the course quantity table.,direct source row; no category reinterpretation
dados,A13391:N13391,13391,administracao/historico/fontes/documentos/cpa-avaliacao-curso-informatica-biomedica-2022.xlsx,4c968ff6e4c32b9d023cfd4f783c0a38b3474bbcde231c383587a9198771cf40,AVALIAÇÃO DE CURSOS 2022 (13 a 28 de fevereiro 2023),Questoes!C2:C48,10562,299,1071,LABORATÓRIOS,"Avalie as orientações e disponibilização de informações no(s) laboratório(s) sobre as normas internas de segurança (equipamento de proteção individual, manuseio de produtos, etc.):",40001016064G0,INFORMÁTICA BIOMÉDICA,110,SETOR DE CIÊNCIAS EXATAS,A,UFPR,LABORATÓRIOS,Regular,literal response,three course respondents as explicitly labelled in Quantidade de respostas,3,One source response row. ID_PESQUISA is retained literally and is not reinterpreted as a person identifier. Course code/name are copied from the same row; respondent count is copied from the course quantity table.,direct source row; no category reinterpretation
dados,A13392:N13392,13392,administracao/historico/fontes/documentos/cpa-avaliacao-curso-informatica-biomedica-2022.xlsx,4c968ff6e4c32b9d023cfd4f783c0a38b3474bbcde231c383587a9198771cf40,AVALIAÇÃO DE CURSOS 2022 (13 a 28 de fevereiro 2023),Questoes!C2:C48,11376,283,1052,SEGURANÇA,Proteção e segurança predial e do patrimônio público:,40001016064G0,INFORMÁTICA BIOMÉDICA,110,SETOR DE CIÊNCIAS EXATAS,A,UFPR,SEGURANÇA,Ruim,literal response,three course respondents as explicitly labelled in Quantidade de respostas,3,One source response row. ID_PESQUISA is retained literally and is not reinterpreted as a person identifier. Course code/name are copied from the same row; respondent count is copied from the course quantity table.,direct source row; no category reinterpretation
dados,A13393:N13393,13393,administracao/historico/fontes/documentos/cpa-avaliacao-curso-informatica-biomedica-2022.xlsx,4c968ff6e4c32b9d023cfd4f783c0a38b3474bbcde231c383587a9198771cf40,AVALIAÇÃO DE CURSOS 2022 (13 a 28 de fevereiro 2023),Questoes!C2:C48,11376,283,1053,SEGURANÇA,Proteção e segurança das pessoas nos campi:,40001016064G0,INFORMÁTICA BIOMÉDICA,110,SETOR DE CIÊNCIAS EXATAS,A,UFPR,SEGURANÇA,Regular,literal response,three course respondents as explicitly labelled in Quantidade de respostas,3,One source response row. ID_PESQUISA is retained literally and is not reinterpreted as a person identifier. Course code/name are copied from the same row; respondent count is copied from the course quantity table.,direct source row; no category reinterpretation
dados,A13394:N13394,13394,administracao/historico/fontes/documentos/cpa-avaliacao-curso-informatica-biomedica-2022.xlsx,4c968ff6e4c32b9d023cfd4f783c0a38b3474bbcde231c383587a9198771cf40,AVALIAÇÃO DE CURSOS 2022 (13 a 28 de fevereiro 2023),Questoes!C2:C48,11376,283,1054,SEGURANÇA,"Adequação às normas de segurança dos ambientes externos e internos (plano de fuga em caso de incêndio, brigada de incêndio, placas de sinalização, sinais de trânsito, etc.):",40001016064G0,INFORMÁTICA BIOMÉDICA,110,SETOR DE CIÊNCIAS EXATAS,A,UFPR,SEGURANÇA,Péssimo,literal response,three course respondents as explicitly labelled in Quantidade de respostas,3,One source response row. ID_PESQUISA is retained literally and is not reinterpreted as a person identifier. Course code/name are copied from the same row; respondent count is copied from the course quantity table.,direct source row; no category reinterpretation
dados,A13395:N13395,13395,administracao/historico/fontes/documentos/cpa-avaliacao-curso-informatica-biomedica-2022.xlsx,4c968ff6e4c32b9d023cfd4f783c0a38b3474bbcde231c383587a9198771cf40,AVALIAÇÃO DE CURSOS 2022 (13 a 28 de fevereiro 2023),Questoes!C2:C48,11376,284,1055,AMBIENTES,"Conservação e manutenção das áreas internas comuns (corredores, auditórios, espaços de convivência e alimentação, etc.):",40001016064G0,INFORMÁTICA BIOMÉDICA,110,SETOR DE CIÊNCIAS EXATAS,A,UFPR,AMBIENTES,Ruim,literal response,three course respondents as explicitly labelled in Quantidade de respostas,3,One source response row. ID_PESQUISA is retained literally and is not reinterpreted as a person identifier. Course code/name are copied from the same row; respondent count is copied from the course quantity table.,direct source row; no category reinterpretation
dados,A13396:N13396,13396,administracao/historico/fontes/documentos/cpa-avaliacao-curso-informatica-biomedica-2022.xlsx,4c968ff6e4c32b9d023cfd4f783c0a38b3474bbcde231c383587a9198771cf40,AVALIAÇÃO DE CURSOS 2022 (13 a 28 de fevereiro 2023),Questoes!C2:C48,11376,284,1056,AMBIENTES,"Conservação e manutenção das áreas externas (calçadas, vias de acesso, outros):",40001016064G0,INFORMÁTICA BIOMÉDICA,110,SETOR DE CIÊNCIAS EXATAS,A,UFPR,AMBIENTES,Regular,literal response,three course respondents as explicitly labelled in Quantidade de respostas,3,One source response row. ID_PESQUISA is retained literally and is not reinterpreted as a person identifier. Course code/name are copied from the same row; respondent count is copied from the course quantity table.,direct source row; no category reinterpretation
dados,A13397:N13397,13397,administracao/historico/fontes/documentos/cpa-avaliacao-curso-informatica-biomedica-2022.xlsx,4c968ff6e4c32b9d023cfd4f783c0a38b3474bbcde231c383587a9198771cf40,AVALIAÇÃO DE CURSOS 2022 (13 a 28 de fevereiro 2023),Questoes!C2:C48,11376,284,1057,AMBIENTES,Instalações sanitárias:,40001016064G0,INFORMÁTICA BIOMÉDICA,110,SETOR DE CIÊNCIAS EXATAS,A,UFPR,AMBIENTES,Péssimo,literal response,three course respondents as explicitly labelled in Quantidade de respostas,3,One source response row. ID_PESQUISA is retained literally and is not reinterpreted as a person identifier. Course code/name are copied from the same row; respondent count is copied from the course quantity table.,direct source row; no category reinterpretation
dados,A13398:N13398,13398,administracao/historico/fontes/documentos/cpa-avaliacao-curso-informatica-biomedica-2022.xlsx,4c968ff6e4c32b9d023cfd4f783c0a38b3474bbcde231c383587a9198771cf40,AVALIAÇÃO DE CURSOS 2022 (13 a 28 de fevereiro 2023),Questoes!C2:C48,11376,284,1058,AMBIENTES,"Acessibilidade (elevadores, rampas de acesso, adequação às demandas de pessoas com deficiência):",40001016064G0,INFORMÁTICA BIOMÉDICA,110,SETOR DE CIÊNCIAS EXATAS,A,UFPR,AMBIENTES,Ruim,literal response,three course respondents as explicitly labelled in Quantidade de respostas,3,One source response row. ID_PESQUISA is retained literally and is not reinterpreted as a person identifier. Course code/name are copied from the same row; respondent count is copied from the course quantity table.,direct source row; no category reinterpretation
dados,A13399:N13399,13399,administracao/historico/fontes/documentos/cpa-avaliacao-curso-informatica-biomedica-2022.xlsx,4c968ff6e4c32b9d023cfd4f783c0a38b3474bbcde231c383587a9198771cf40,AVALIAÇÃO DE CURSOS 2022 (13 a 28 de fevereiro 2023),Questoes!C2:C48,11376,285,1059,SERVIÇOS TERCEIRIZADOS,Qualidade dos serviços de limpeza e higiene dos ambientes:,40001016064G0,INFORMÁTICA BIOMÉDICA,110,SETOR DE CIÊNCIAS EXATAS,A,UFPR,SERVIÇOS TERCEIRIZADOS,Regular,literal response,three course respondents as explicitly labelled in Quantidade de respostas,3,One source response row. ID_PESQUISA is retained literally and is not reinterpreted as a person identifier. Course code/name are copied from the same row; respondent count is copied from the course quantity table.,direct source row; no category reinterpretation
dados,A13400:N13400,13400,administracao/historico/fontes/documentos/cpa-avaliacao-curso-informatica-biomedica-2022.xlsx,4c968ff6e4c32b9d023cfd4f783c0a38b3474bbcde231c383587a9198771cf40,AVALIAÇÃO DE CURSOS 2022 (13 a 28 de fevereiro 2023),Questoes!C2:C48,11376,285,1060,SERVIÇOS TERCEIRIZADOS,Qualidade dos serviços de manutenção dos ambientes internos e externos:,40001016064G0,INFORMÁTICA BIOMÉDICA,110,SETOR DE CIÊNCIAS EXATAS,A,UFPR,SERVIÇOS TERCEIRIZADOS,Regular,literal response,three course respondents as explicitly labelled in Quantidade de respostas,3,One source response row. ID_PESQUISA is retained literally and is not reinterpreted as a person identifier. Course code/name are copied from the same row; respondent count is copied from the course quantity table.,direct source row; no category reinterpretation
dados,A13401:N13401,13401,administracao/historico/fontes/documentos/cpa-avaliacao-curso-informatica-biomedica-2022.xlsx,4c968ff6e4c32b9d023cfd4f783c0a38b3474bbcde231c383587a9198771cf40,AVALIAÇÃO DE CURSOS 2022 (13 a 28 de fevereiro 2023),Questoes!C2:C48,11376,285,1061,SERVIÇOS TERCEIRIZADOS,Qualidade do atendimento nos restaurantes universitários :,40001016064G0,INFORMÁTICA BIOMÉDICA,110,SETOR DE CIÊNCIAS EXATAS,A,UFPR,SERVIÇOS TERCEIRIZADOS,Regular,literal response,three course respondents as explicitly labelled in Quantidade de respostas,3,One source response row. ID_PESQUISA is retained literally and is not reinterpreted as a person identifier. Course code/name are copied from the same row; respondent count is copied from the course quantity table.,direct source row; no category reinterpretation
dados,A13402:N13402,13402,administracao/historico/fontes/documentos/cpa-avaliacao-curso-informatica-biomedica-2022.xlsx,4c968ff6e4c32b9d023cfd4f783c0a38b3474bbcde231c383587a9198771cf40,AVALIAÇÃO DE CURSOS 2022 (13 a 28 de fevereiro 2023),Questoes!C2:C48,11376,285,1062,SERVIÇOS TERCEIRIZADOS,"Qualidade dos serviços de atendimento ao público: recepções, portarias e guaritas:",40001016064G0,INFORMÁTICA BIOMÉDICA,110,SETOR DE CIÊNCIAS EXATAS,A,UFPR,SERVIÇOS TERCEIRIZADOS,Regular,literal response,three course respondents as explicitly labelled in Quantidade de respostas,3,One source response row. ID_PESQUISA is retained literally and is not reinterpreted as a person identifier. Course code/name are copied from the same row; respondent count is copied from the course quantity table.,direct source row; no category reinterpretation
dados,A13403:N13403,13403,administracao/historico/fontes/documentos/cpa-avaliacao-curso-informatica-biomedica-2022.xlsx,4c968ff6e4c32b9d023cfd4f783c0a38b3474bbcde231c383587a9198771cf40,AVALIAÇÃO DE CURSOS 2022 (13 a 28 de fevereiro 2023),Questoes!C2:C48,11376,286,1063,SALAS DE AULA,"Adequação e flexibilidade de organização do espaço perante às necessidades do curso, incluindo as condições de conforto do ambiente:",40001016064G0,INFORMÁTICA BIOMÉDICA,110,SETOR DE CIÊNCIAS EXATAS,A,UFPR,SALAS DE AULA,Ruim,literal response,three course respondents as explicitly labelled in Quantidade de respostas,3,One source response row. ID_PESQUISA is retained literally and is not reinterpreted as a person identifier. Course code/name are copied from the same row; respondent count is copied from the course quantity table.,direct source row; no category reinterpretation
dados,A13404:N13404,13404,administracao/historico/fontes/documentos/cpa-avaliacao-curso-informatica-biomedica-2022.xlsx,4c968ff6e4c32b9d023cfd4f783c0a38b3474bbcde231c383587a9198771cf40,AVALIAÇÃO DE CURSOS 2022 (13 a 28 de fevereiro 2023),Questoes!C2:C48,11376,286,1064,SALAS DE AULA,"Recursos de tecnologia da informação e comunicação, incluindo as ações de modernização dos equipamentos:",40001016064G0,INFORMÁTICA BIOMÉDICA,110,SETOR DE CIÊNCIAS EXATAS,A,UFPR,SALAS DE AULA,Regular,literal response,three course respondents as explicitly labelled in Quantidade de respostas,3,One source response row. ID_PESQUISA is retained literally and is not reinterpreted as a person identifier. Course code/name are copied from the same row; respondent count is copied from the course quantity table.,direct source row; no category reinterpretation
dados,A13405:N13405,13405,administracao/historico/fontes/documentos/cpa-avaliacao-curso-informatica-biomedica-2022.xlsx,4c968ff6e4c32b9d023cfd4f783c0a38b3474bbcde231c383587a9198771cf40,AVALIAÇÃO DE CURSOS 2022 (13 a 28 de fevereiro 2023),Questoes!C2:C48,11376,289,1072,BIBLIOTECAS,Atualização e manutenção do acervo físico e/ou digital:,40001016064G0,INFORMÁTICA BIOMÉDICA,110,SETOR DE CIÊNCIAS EXATAS,A,UFPR,BIBLIOTECAS,Bom,literal response,three course respondents as explicitly labelled in Quantidade de respostas,3,One source response row. ID_PESQUISA is retained literally and is not reinterpreted as a person identifier. Course code/name are copied from the same row; respondent count is copied from the course quantity table.,direct source row; no category reinterpretation
dados,A13406:N13406,13406,administracao/historico/fontes/documentos/cpa-avaliacao-curso-informatica-biomedica-2022.xlsx,4c968ff6e4c32b9d023cfd4f783c0a38b3474bbcde231c383587a9198771cf40,AVALIAÇÃO DE CURSOS 2022 (13 a 28 de fevereiro 2023),Questoes!C2:C48,11376,289,1073,BIBLIOTECAS,Uso do catálogo eletrônico (acervo.ufpr.br):,40001016064G0,INFORMÁTICA BIOMÉDICA,110,SETOR DE CIÊNCIAS EXATAS,A,UFPR,BIBLIOTECAS,Bom,literal response,three course respondents as explicitly labelled in Quantidade de respostas,3,One source response row. ID_PESQUISA is retained literally and is not reinterpreted as a person identifier. Course code/name are copied from the same row; respondent count is copied from the course quantity table.,direct source row; no category reinterpretation
dados,A13407:N13407,13407,administracao/historico/fontes/documentos/cpa-avaliacao-curso-informatica-biomedica-2022.xlsx,4c968ff6e4c32b9d023cfd4f783c0a38b3474bbcde231c383587a9198771cf40,AVALIAÇÃO DE CURSOS 2022 (13 a 28 de fevereiro 2023),Questoes!C2:C48,11376,289,1074,BIBLIOTECAS,Horário(s) de funcionamento:,40001016064G0,INFORMÁTICA BIOMÉDICA,110,SETOR DE CIÊNCIAS EXATAS,A,UFPR,BIBLIOTECAS,Bom,literal response,three course respondents as explicitly labelled in Quantidade de respostas,3,One source response row. ID_PESQUISA is retained literally and is not reinterpreted as a person identifier. Course code/name are copied from the same row; respondent count is copied from the course quantity table.,direct source row; no category reinterpretation
dados,A13408:N13408,13408,administracao/historico/fontes/documentos/cpa-avaliacao-curso-informatica-biomedica-2022.xlsx,4c968ff6e4c32b9d023cfd4f783c0a38b3474bbcde231c383587a9198771cf40,AVALIAÇÃO DE CURSOS 2022 (13 a 28 de fevereiro 2023),Questoes!C2:C48,11376,289,1075,BIBLIOTECAS,"Canais de comunicação (portal do SiBi, redes sociais e outros):",40001016064G0,INFORMÁTICA BIOMÉDICA,110,SETOR DE CIÊNCIAS EXATAS,A,UFPR,BIBLIOTECAS,Bom,literal response,three course respondents as explicitly labelled in Quantidade de respostas,3,One source response row. ID_PESQUISA is retained literally and is not reinterpreted as a person identifier. Course code/name are copied from the same row; respondent count is copied from the course quantity table.,direct source row; no category reinterpretation
dados,A13409:N13409,13409,administracao/historico/fontes/documentos/cpa-avaliacao-curso-informatica-biomedica-2022.xlsx,4c968ff6e4c32b9d023cfd4f783c0a38b3474bbcde231c383587a9198771cf40,AVALIAÇÃO DE CURSOS 2022 (13 a 28 de fevereiro 2023),Questoes!C2:C48,11376,289,1076,BIBLIOTECAS,Oferta de capacitações aos usuários:,40001016064G0,INFORMÁTICA BIOMÉDICA,110,SETOR DE CIÊNCIAS EXATAS,A,UFPR,BIBLIOTECAS,Bom,literal response,three course respondents as explicitly labelled in Quantidade de respostas,3,One source response row. ID_PESQUISA is retained literally and is not reinterpreted as a person identifier. Course code/name are copied from the same row; respondent count is copied from the course quantity table.,direct source row; no category reinterpretation
dados,A13410:N13410,13410,administracao/historico/fontes/documentos/cpa-avaliacao-curso-informatica-biomedica-2022.xlsx,4c968ff6e4c32b9d023cfd4f783c0a38b3474bbcde231c383587a9198771cf40,AVALIAÇÃO DE CURSOS 2022 (13 a 28 de fevereiro 2023),Questoes!C2:C48,11376,289,1077,BIBLIOTECAS,Contéudos de acesso digital (Repositório Digital Institucional e bases/plataformas de dados):,40001016064G0,INFORMÁTICA BIOMÉDICA,110,SETOR DE CIÊNCIAS EXATAS,A,UFPR,BIBLIOTECAS,Bom,literal response,three course respondents as explicitly labelled in Quantidade de respostas,3,One source response row. ID_PESQUISA is retained literally and is not reinterpreted as a person identifier. Course code/name are copied from the same row; respondent count is copied from the course quantity table.,direct source row; no category reinterpretation
dados,A13411:N13411,13411,administracao/historico/fontes/documentos/cpa-avaliacao-curso-informatica-biomedica-2022.xlsx,4c968ff6e4c32b9d023cfd4f783c0a38b3474bbcde231c383587a9198771cf40,AVALIAÇÃO DE CURSOS 2022 (13 a 28 de fevereiro 2023),Questoes!C2:C48,11376,289,1078,BIBLIOTECAS,Atendimento às necessidades de acessibilidade física e informacional:,40001016064G0,INFORMÁTICA BIOMÉDICA,110,SETOR DE CIÊNCIAS EXATAS,A,UFPR,BIBLIOTECAS,Regular,literal response,three course respondents as explicitly labelled in Quantidade de respostas,3,One source response row. ID_PESQUISA is retained literally and is not reinterpreted as a person identifier. Course code/name are copied from the same row; respondent count is copied from the course quantity table.,direct source row; no category reinterpretation
dados,A13412:N13412,13412,administracao/historico/fontes/documentos/cpa-avaliacao-curso-informatica-biomedica-2022.xlsx,4c968ff6e4c32b9d023cfd4f783c0a38b3474bbcde231c383587a9198771cf40,AVALIAÇÃO DE CURSOS 2022 (13 a 28 de fevereiro 2023),Questoes!C2:C48,11376,290,1079,SISTEMAS E REDES,SIGA - atendimento às atividades acadêmicas do curso:,40001016064G0,INFORMÁTICA BIOMÉDICA,110,SETOR DE CIÊNCIAS EXATAS,A,UFPR,SISTEMAS E REDES,Regular,literal response,three course respondents as explicitly labelled in Quantidade de respostas,3,One source response row. ID_PESQUISA is retained literally and is not reinterpreted as a person identifier. Course code/name are copied from the same row; respondent count is copied from the course quantity table.,direct source row; no category reinterpretation
dados,A13413:N13413,13413,administracao/historico/fontes/documentos/cpa-avaliacao-curso-informatica-biomedica-2022.xlsx,4c968ff6e4c32b9d023cfd4f783c0a38b3474bbcde231c383587a9198771cf40,AVALIAÇÃO DE CURSOS 2022 (13 a 28 de fevereiro 2023),Questoes!C2:C48,11376,290,1080,SISTEMAS E REDES,UFPR VIRTUAL - atendimento às atividades acadêmicas do curso :,40001016064G0,INFORMÁTICA BIOMÉDICA,110,SETOR DE CIÊNCIAS EXATAS,A,UFPR,SISTEMAS E REDES,Regular,literal response,three course respondents as explicitly labelled in Quantidade de respostas,3,One source response row. ID_PESQUISA is retained literally and is not reinterpreted as a person identifier. Course code/name are copied from the same row; respondent count is copied from the course quantity table.,direct source row; no category reinterpretation
dados,A13414:N13414,13414,administracao/historico/fontes/documentos/cpa-avaliacao-curso-informatica-biomedica-2022.xlsx,4c968ff6e4c32b9d023cfd4f783c0a38b3474bbcde231c383587a9198771cf40,AVALIAÇÃO DE CURSOS 2022 (13 a 28 de fevereiro 2023),Questoes!C2:C48,11376,290,1081,SISTEMAS E REDES,Qualidade das redes ofertadas pela instituição:,40001016064G0,INFORMÁTICA BIOMÉDICA,110,SETOR DE CIÊNCIAS EXATAS,A,UFPR,SISTEMAS E REDES,Ruim,literal response,three course respondents as explicitly labelled in Quantidade de respostas,3,One source response row. ID_PESQUISA is retained literally and is not reinterpreted as a person identifier. Course code/name are copied from the same row; respondent count is copied from the course quantity table.,direct source row; no category reinterpretation
dados,A13415:N13415,13415,administracao/historico/fontes/documentos/cpa-avaliacao-curso-informatica-biomedica-2022.xlsx,4c968ff6e4c32b9d023cfd4f783c0a38b3474bbcde231c383587a9198771cf40,AVALIAÇÃO DE CURSOS 2022 (13 a 28 de fevereiro 2023),Questoes!C2:C48,11376,291,1082,AVALIAÇÃO DE SERVIÇOS,Coordenação do Curso:,40001016064G0,INFORMÁTICA BIOMÉDICA,110,SETOR DE CIÊNCIAS EXATAS,A,UFPR,AVALIAÇÃO DE SERVIÇOS,8,literal response,three course respondents as explicitly labelled in Quantidade de respostas,3,One source response row. ID_PESQUISA is retained literally and is not reinterpreted as a person identifier. Course code/name are copied from the same row; respondent count is copied from the course quantity table.,direct source row; no category reinterpretation
dados,A13416:N13416,13416,administracao/historico/fontes/documentos/cpa-avaliacao-curso-informatica-biomedica-2022.xlsx,4c968ff6e4c32b9d023cfd4f783c0a38b3474bbcde231c383587a9198771cf40,AVALIAÇÃO DE CURSOS 2022 (13 a 28 de fevereiro 2023),Questoes!C2:C48,11376,291,1083,AVALIAÇÃO DE SERVIÇOS,Secretaria do Curso:,40001016064G0,INFORMÁTICA BIOMÉDICA,110,SETOR DE CIÊNCIAS EXATAS,A,UFPR,AVALIAÇÃO DE SERVIÇOS,10,literal response,three course respondents as explicitly labelled in Quantidade de respostas,3,One source response row. ID_PESQUISA is retained literally and is not reinterpreted as a person identifier. Course code/name are copied from the same row; respondent count is copied from the course quantity table.,direct source row; no category reinterpretation
dados,A13417:N13417,13417,administracao/historico/fontes/documentos/cpa-avaliacao-curso-informatica-biomedica-2022.xlsx,4c968ff6e4c32b9d023cfd4f783c0a38b3474bbcde231c383587a9198771cf40,AVALIAÇÃO DE CURSOS 2022 (13 a 28 de fevereiro 2023),Questoes!C2:C48,11376,291,1084,AVALIAÇÃO DE SERVIÇOS,Secretarias dos departamentos que atendem ao curso:,40001016064G0,INFORMÁTICA BIOMÉDICA,110,SETOR DE CIÊNCIAS EXATAS,A,UFPR,AVALIAÇÃO DE SERVIÇOS,8,literal response,three course respondents as explicitly labelled in Quantidade de respostas,3,One source response row. ID_PESQUISA is retained literally and is not reinterpreted as a person identifier. Course code/name are copied from the same row; respondent count is copied from the course quantity table.,direct source row; no category reinterpretation
dados,A13418:N13418,13418,administracao/historico/fontes/documentos/cpa-avaliacao-curso-informatica-biomedica-2022.xlsx,4c968ff6e4c32b9d023cfd4f783c0a38b3474bbcde231c383587a9198771cf40,AVALIAÇÃO DE CURSOS 2022 (13 a 28 de fevereiro 2023),Questoes!C2:C48,11376,291,1085,AVALIAÇÃO DE SERVIÇOS,Biblioteca(s):,40001016064G0,INFORMÁTICA BIOMÉDICA,110,SETOR DE CIÊNCIAS EXATAS,A,UFPR,AVALIAÇÃO DE SERVIÇOS,6,literal response,three course respondents as explicitly labelled in Quantidade de respostas,3,One source response row. ID_PESQUISA is retained literally and is not reinterpreted as a person identifier. Course code/name are copied from the same row; respondent count is copied from the course quantity table.,direct source row; no category reinterpretation
dados,A13419:N13419,13419,administracao/historico/fontes/documentos/cpa-avaliacao-curso-informatica-biomedica-2022.xlsx,4c968ff6e4c32b9d023cfd4f783c0a38b3474bbcde231c383587a9198771cf40,AVALIAÇÃO DE CURSOS 2022 (13 a 28 de fevereiro 2023),Questoes!C2:C48,11376,291,1086,AVALIAÇÃO DE SERVIÇOS,"Laboratório(s), quando houver:",40001016064G0,INFORMÁTICA BIOMÉDICA,110,SETOR DE CIÊNCIAS EXATAS,A,UFPR,AVALIAÇÃO DE SERVIÇOS,6,literal response,three course respondents as explicitly labelled in Quantidade de respostas,3,One source response row. ID_PESQUISA is retained literally and is not reinterpreted as a person identifier. Course code/name are copied from the same row; respondent count is copied from the course quantity table.,direct source row; no category reinterpretation
dados,A13420:N13420,13420,administracao/historico/fontes/documentos/cpa-avaliacao-curso-informatica-biomedica-2022.xlsx,4c968ff6e4c32b9d023cfd4f783c0a38b3474bbcde231c383587a9198771cf40,AVALIAÇÃO DE CURSOS 2022 (13 a 28 de fevereiro 2023),Questoes!C2:C48,11376,291,1087,AVALIAÇÃO DE SERVIÇOS,Unidade de atendimento ao público da PROGRAD:,40001016064G0,INFORMÁTICA BIOMÉDICA,110,SETOR DE CIÊNCIAS EXATAS,A,UFPR,AVALIAÇÃO DE SERVIÇOS,Não utilizei o serviço,literal response,three course respondents as explicitly labelled in Quantidade de respostas,3,One source response row. ID_PESQUISA is retained literally and is not reinterpreted as a person identifier. Course code/name are copied from the same row; respondent count is copied from the course quantity table.,direct source row; no category reinterpretation
dados,A13421:N13421,13421,administracao/historico/fontes/documentos/cpa-avaliacao-curso-informatica-biomedica-2022.xlsx,4c968ff6e4c32b9d023cfd4f783c0a38b3474bbcde231c383587a9198771cf40,AVALIAÇÃO DE CURSOS 2022 (13 a 28 de fevereiro 2023),Questoes!C2:C48,11376,291,1088,AVALIAÇÃO DE SERVIÇOS,Unidade de estágio da PROGRAD:,40001016064G0,INFORMÁTICA BIOMÉDICA,110,SETOR DE CIÊNCIAS EXATAS,A,UFPR,AVALIAÇÃO DE SERVIÇOS,Não utilizei o serviço,literal response,three course respondents as explicitly labelled in Quantidade de respostas,3,One source response row. ID_PESQUISA is retained literally and is not reinterpreted as a person identifier. Course code/name are copied from the same row; respondent count is copied from the course quantity table.,direct source row; no category reinterpretation
dados,A13422:N13422,13422,administracao/historico/fontes/documentos/cpa-avaliacao-curso-informatica-biomedica-2022.xlsx,4c968ff6e4c32b9d023cfd4f783c0a38b3474bbcde231c383587a9198771cf40,AVALIAÇÃO DE CURSOS 2022 (13 a 28 de fevereiro 2023),Questoes!C2:C48,11376,291,1089,AVALIAÇÃO DE SERVIÇOS,Unidade da extensão da PROEC:,40001016064G0,INFORMÁTICA BIOMÉDICA,110,SETOR DE CIÊNCIAS EXATAS,A,UFPR,AVALIAÇÃO DE SERVIÇOS,Não utilizei o serviço,literal response,three course respondents as explicitly labelled in Quantidade de respostas,3,One source response row. ID_PESQUISA is retained literally and is not reinterpreted as a person identifier. Course code/name are copied from the same row; respondent count is copied from the course quantity table.,direct source row; no category reinterpretation
dados,A13423:N13423,13423,administracao/historico/fontes/documentos/cpa-avaliacao-curso-informatica-biomedica-2022.xlsx,4c968ff6e4c32b9d023cfd4f783c0a38b3474bbcde231c383587a9198771cf40,AVALIAÇÃO DE CURSOS 2022 (13 a 28 de fevereiro 2023),Questoes!C2:C48,11376,291,1090,AVALIAÇÃO DE SERVIÇOS,"Unidade de apoio pedagógico, psicológico e social da PRAE:",40001016064G0,INFORMÁTICA BIOMÉDICA,110,SETOR DE CIÊNCIAS EXATAS,C,UFPR,AVALIAÇÃO DE SERVIÇOS,Não utilizei o serviço,literal response,three course respondents as explicitly labelled in Quantidade de respostas,3,One source response row. ID_PESQUISA is retained literally and is not reinterpreted as a person identifier. Course code/name are copied from the same row; respondent count is copied from the course quantity table.,direct source row; no category reinterpretation
dados,A13424:N13424,13424,administracao/historico/fontes/documentos/cpa-avaliacao-curso-informatica-biomedica-2022.xlsx,4c968ff6e4c32b9d023cfd4f783c0a38b3474bbcde231c383587a9198771cf40,AVALIAÇÃO DE CURSOS 2022 (13 a 28 de fevereiro 2023),Questoes!C2:C48,11376,291,1091,AVALIAÇÃO DE SERVIÇOS,Unidade de apoio à saúde (Casas) da PROGEPE:,40001016064G0,INFORMÁTICA BIOMÉDICA,110,SETOR DE CIÊNCIAS EXATAS,C,UFPR,AVALIAÇÃO DE SERVIÇOS,Não utilizei o serviço,literal response,three course respondents as explicitly labelled in Quantidade de respostas,3,One source response row. ID_PESQUISA is retained literally and is not reinterpreted as a person identifier. Course code/name are copied from the same row; respondent count is copied from the course quantity table.,direct source row; no category reinterpretation
dados,A13425:N13425,13425,administracao/historico/fontes/documentos/cpa-avaliacao-curso-informatica-biomedica-2022.xlsx,4c968ff6e4c32b9d023cfd4f783c0a38b3474bbcde231c383587a9198771cf40,AVALIAÇÃO DE CURSOS 2022 (13 a 28 de fevereiro 2023),Questoes!C2:C48,11376,291,1092,AVALIAÇÃO DE SERVIÇOS,"SIPAD (Superintendência de Inclusão, Políticas Afirmativas e Diversidade):",40001016064G0,INFORMÁTICA BIOMÉDICA,110,SETOR DE CIÊNCIAS EXATAS,C,UFPR,AVALIAÇÃO DE SERVIÇOS,Não utilizei o serviço,literal response,three course respondents as explicitly labelled in Quantidade de respostas,3,One source response row. ID_PESQUISA is retained literally and is not reinterpreted as a person identifier. Course code/name are copied from the same row; respondent count is copied from the course quantity table.,direct source row; no category reinterpretation
dados,A13426:N13426,13426,administracao/historico/fontes/documentos/cpa-avaliacao-curso-informatica-biomedica-2022.xlsx,4c968ff6e4c32b9d023cfd4f783c0a38b3474bbcde231c383587a9198771cf40,AVALIAÇÃO DE CURSOS 2022 (13 a 28 de fevereiro 2023),Questoes!C2:C48,11376,291,1093,AVALIAÇÃO DE SERVIÇOS,Ouvidoria da UFPR:,40001016064G0,INFORMÁTICA BIOMÉDICA,110,SETOR DE CIÊNCIAS EXATAS,C,UFPR,AVALIAÇÃO DE SERVIÇOS,Não utilizei o serviço,literal response,three course respondents as explicitly labelled in Quantidade de respostas,3,One source response row. ID_PESQUISA is retained literally and is not reinterpreted as a person identifier. Course code/name are copied from the same row; respondent count is copied from the course quantity table.,direct source row; no category reinterpretation
dados,A13427:N13427,13427,administracao/historico/fontes/documentos/cpa-avaliacao-curso-informatica-biomedica-2022.xlsx,4c968ff6e4c32b9d023cfd4f783c0a38b3474bbcde231c383587a9198771cf40,AVALIAÇÃO DE CURSOS 2022 (13 a 28 de fevereiro 2023),Questoes!C2:C48,11376,291,1094,AVALIAÇÃO DE SERVIÇOS,"Indique sua satisfação com a qualidade dos serviços da UFPR de forma geral, considerando os serviços que você demanda e não foram listados acima. Considere em sua resposta o alcance dos objetivos da instituição previstos em sua missão:",40001016064G0,INFORMÁTICA BIOMÉDICA,110,SETOR DE CIÊNCIAS EXATAS,C,UFPR,AVALIAÇÃO DE SERVIÇOS,6,literal response,three course respondents as explicitly labelled in Quantidade de respostas,3,One source response row. ID_PESQUISA is retained literally and is not reinterpreted as a person identifier. Course code/name are copied from the same row; respondent count is copied from the course quantity table.,direct source row; no category reinterpretation
dados,A13428:N13428,13428,administracao/historico/fontes/documentos/cpa-avaliacao-curso-informatica-biomedica-2022.xlsx,4c968ff6e4c32b9d023cfd4f783c0a38b3474bbcde231c383587a9198771cf40,AVALIAÇÃO DE CURSOS 2022 (13 a 28 de fevereiro 2023),Questoes!C2:C48,11376,291,1095,AVALIAÇÃO DE SERVIÇOS,Unidade da cultura da PROEC:,40001016064G0,INFORMÁTICA BIOMÉDICA,110,SETOR DE CIÊNCIAS EXATAS,A,UFPR,AVALIAÇÃO DE SERVIÇOS,Não utilizei o serviço,literal response,three course respondents as explicitly labelled in Quantidade de respostas,3,One source response row. ID_PESQUISA is retained literally and is not reinterpreted as a person identifier. Course code/name are copied from the same row; respondent count is copied from the course quantity table.,direct source row; no category reinterpretation
dados,A13429:N13429,13429,administracao/historico/fontes/documentos/cpa-avaliacao-curso-informatica-biomedica-2022.xlsx,4c968ff6e4c32b9d023cfd4f783c0a38b3474bbcde231c383587a9198771cf40,AVALIAÇÃO DE CURSOS 2022 (13 a 28 de fevereiro 2023),Questoes!C2:C48,11376,292,1096,INSTRUMENTO E FERRAMENTA DE PESQUISA,Objetividade e clareza deste formulário avaliativo:,40001016064G0,INFORMÁTICA BIOMÉDICA,110,SETOR DE CIÊNCIAS EXATAS,D,UFPR,INSTRUMENTO E FERRAMENTA DE PESQUISA,Bom,literal response,three course respondents as explicitly labelled in Quantidade de respostas,3,One source response row. ID_PESQUISA is retained literally and is not reinterpreted as a person identifier. Course code/name are copied from the same row; respondent count is copied from the course quantity table.,direct source row; no category reinterpretation
dados,A13430:N13430,13430,administracao/historico/fontes/documentos/cpa-avaliacao-curso-informatica-biomedica-2022.xlsx,4c968ff6e4c32b9d023cfd4f783c0a38b3474bbcde231c383587a9198771cf40,AVALIAÇÃO DE CURSOS 2022 (13 a 28 de fevereiro 2023),Questoes!C2:C48,11376,292,1097,INSTRUMENTO E FERRAMENTA DE PESQUISA,Funcionalidade desta ferramenta desenvolvida pela Agtic para aplicação de pesquisas:,40001016064G0,INFORMÁTICA BIOMÉDICA,110,SETOR DE CIÊNCIAS EXATAS,D,UFPR,INSTRUMENTO E FERRAMENTA DE PESQUISA,Excelente,literal response,three course respondents as explicitly labelled in Quantidade de respostas,3,One source response row. ID_PESQUISA is retained literally and is not reinterpreted as a person identifier. Course code/name are copied from the same row; respondent count is copied from the course quantity table.,direct source row; no category reinterpretation
dados,A13431:N13431,13431,administracao/historico/fontes/documentos/cpa-avaliacao-curso-informatica-biomedica-2022.xlsx,4c968ff6e4c32b9d023cfd4f783c0a38b3474bbcde231c383587a9198771cf40,AVALIAÇÃO DE CURSOS 2022 (13 a 28 de fevereiro 2023),Questoes!C2:C48,11376,298,1106,NÚCLEOS DE TECNOLOGIAS EDUCACIONAIS (NTEs),Você conhece os Núcleos de Tecnologias Educacionais (NTEs)? ,40001016064G0,INFORMÁTICA BIOMÉDICA,110,SETOR DE CIÊNCIAS EXATAS,B,UFPR,NÚCLEOS DE TECNOLOGIAS EDUCACIONAIS (NTEs),Não,literal response,three course respondents as explicitly labelled in Quantidade de respostas,3,One source response row. ID_PESQUISA is retained literally and is not reinterpreted as a person identifier. Course code/name are copied from the same row; respondent count is copied from the course quantity table.,direct source row; no category reinterpretation
dados,A13432:N13432,13432,administracao/historico/fontes/documentos/cpa-avaliacao-curso-informatica-biomedica-2022.xlsx,4c968ff6e4c32b9d023cfd4f783c0a38b3474bbcde231c383587a9198771cf40,AVALIAÇÃO DE CURSOS 2022 (13 a 28 de fevereiro 2023),Questoes!C2:C48,11376,299,1068,LABORATÓRIOS,Você utilizou um ou mais laboratórios da UFPR?,40001016064G0,INFORMÁTICA BIOMÉDICA,110,SETOR DE CIÊNCIAS EXATAS,B,UFPR,LABORATÓRIOS,Sim,literal response,three course respondents as explicitly labelled in Quantidade de respostas,3,One source response row. ID_PESQUISA is retained literally and is not reinterpreted as a person identifier. Course code/name are copied from the same row; respondent count is copied from the course quantity table.,direct source row; no category reinterpretation
dados,A13433:N13433,13433,administracao/historico/fontes/documentos/cpa-avaliacao-curso-informatica-biomedica-2022.xlsx,4c968ff6e4c32b9d023cfd4f783c0a38b3474bbcde231c383587a9198771cf40,AVALIAÇÃO DE CURSOS 2022 (13 a 28 de fevereiro 2023),Questoes!C2:C48,11376,299,1069,LABORATÓRIOS,"Avalie a adequação e flexibilidade de organização do espaço físico no(s) laboratório(s), incluindo as condições de conforto do ambiente:",40001016064G0,INFORMÁTICA BIOMÉDICA,110,SETOR DE CIÊNCIAS EXATAS,A,UFPR,LABORATÓRIOS,Ruim,literal response,three course respondents as explicitly labelled in Quantidade de respostas,3,One source response row. ID_PESQUISA is retained literally and is not reinterpreted as a person identifier. Course code/name are copied from the same row; respondent count is copied from the course quantity table.,direct source row; no category reinterpretation
dados,A13434:N13434,13434,administracao/historico/fontes/documentos/cpa-avaliacao-curso-informatica-biomedica-2022.xlsx,4c968ff6e4c32b9d023cfd4f783c0a38b3474bbcde231c383587a9198771cf40,AVALIAÇÃO DE CURSOS 2022 (13 a 28 de fevereiro 2023),Questoes!C2:C48,11376,299,1070,LABORATÓRIOS,"Avalie as condições e disponibilidade de equipamentos e recursos de tecnologia da informação e comunicação no(s) laboratório(s), incluindo a manutenção e modernização:",40001016064G0,INFORMÁTICA BIOMÉDICA,110,SETOR DE CIÊNCIAS EXATAS,A,UFPR,LABORATÓRIOS,Regular,literal response,three course respondents as explicitly labelled in Quantidade de respostas,3,One source response row. ID_PESQUISA is retained literally and is not reinterpreted as a person identifier. Course code/name are copied from the same row; respondent count is copied from the course quantity table.,direct source row; no category reinterpretation
dados,A13435:N13435,13435,administracao/historico/fontes/documentos/cpa-avaliacao-curso-informatica-biomedica-2022.xlsx,4c968ff6e4c32b9d023cfd4f783c0a38b3474bbcde231c383587a9198771cf40,AVALIAÇÃO DE CURSOS 2022 (13 a 28 de fevereiro 2023),Questoes!C2:C48,11376,299,1071,LABORATÓRIOS,"Avalie as orientações e disponibilização de informações no(s) laboratório(s) sobre as normas internas de segurança (equipamento de proteção individual, manuseio de produtos, etc.):",40001016064G0,INFORMÁTICA BIOMÉDICA,110,SETOR DE CIÊNCIAS EXATAS,A,UFPR,LABORATÓRIOS,Bom,literal response,three course respondents as explicitly labelled in Quantidade de respostas,3,One source response row. ID_PESQUISA is retained literally and is not reinterpreted as a person identifier. Course code/name are copied from the same row; respondent count is copied from the course quantity table.,direct source row; no category reinterpretation
